Workbook

Sheet Podsumowanie
A1: Cashflow projektu SZMO – podsumowanie
A2: Opracowano na podstawie wniosku FEPW.01.01-IP.01-0825/26 (Smart-ELIT sp. z o.o., FEPW 2021–2027, Platformy startowe). Dane w PLN.
A4: Kluczowe wielkości | B4: Wartość | C4: Uwagi
A5: Wydatki ogółem (brutto) | B5: =Cashflow!O14 -> 724626.5 | C5: Wniosek: 724 626,50
A6: Wydatki kwalifikowalne | B6: =Cashflow!O16 -> 705741.21 | C6: Wniosek: 705 741,21
A7: VAT niekwalifikowalny | B7: =Cashflow!O17 -> 18885.29 | C7: Wniosek: 18 885,29 (zakupy materiałów i zapory)
A8: Dofinansowanie (85% kwalifikowalnych) | B8: =Cashflow!O20 -> 599880.03 | C8: Wniosek: 599 880,03
A9: Wkład własny wniesiony – pożyczki wspólników | B9: =Cashflow!O22 -> 124746.47 | C9: Limit z wniosku: 124 746,47
A10: Wykorzystanie limitu pożyczki | B10: =Cashflow!O22/Założenia!B6 -> 1
A11: Minimalne saldo końcowe miesiąca (w okresie projektu) | B11: =MIN(Cashflow!B28:M28) -> -89982
A12: Szczyt przejściowego zapotrzebowania na gotówkę – scen. 1 (zaliczki) | B12: =-MIN(0,MIN(Cashflow!B35:M35)) -> 124746.47 | C12: Bez pożyczki; ile musi wyłożyć wnioskodawca, zanim wpłynie dofinansowanie
A13: Szczyt przejściowego zapotrzebowania na gotówkę – scen. 2 (refundacja) | B13: =-MIN(0,MIN(Cashflow!B36:M36)) -> 303024.53 | C13: Jeśli > limit pożyczki, potrzebne dodatkowe finansowanie pomostowe
A14: Szczyt przejściowego zapotrzebowania na gotówkę – scen. 3 (wg umowy: zaliczka 40% + 15% na koniec) | B14: =-MIN(0,MIN(Cashflow!B38:M38)) -> 214728.47 | C14: Wariant zgodny z zapisami umowy o dofinansowanie
A15: Niedobór finansowania w wybranym scenariuszu | B15: =Cashflow!O29 -> 89982 | C15: 0 = limit pożyczki wystarcza
A16: Miesiąc największego zapotrzebowania – scen. 1 | B16: =INDEX(Cashflow!B4:M4,MATCH(MIN(Cashflow!B35:M35),Cashflow!B35:M35,0)) -> sie 2027
A17: Miesiąc największego zapotrzebowania – scen. 3 | B17: =INDEX(Cashflow!B4:M4,MATCH(MIN(Cashflow!B38:M38),Cashflow!B38:M38,0)) -> sie 2027
A18: Miesiąc największego zapotrzebowania – scen. 2 | B18: =INDEX(Cashflow!B4:M4,MATCH(MIN(Cashflow!B36:M36),Cashflow!B36:M36,0)) -> cze 2027
A20: Kontrola zgodności z wnioskiem
A21: Pozycja | B21: Model | C21: Wniosek | D21: Różnica | E21: Status
A22: Wynagrodzenia personelu (razem) | B22: =Cashflow!O10 -> 542288 | C22: 542288 | D22: =ROUND(B22-C22,2) -> 0 | E22: =IF(ABS(D22)<=0.05,"OK","SPRAWDŹ") -> OK
A23: Zadanie 1 – wydatki ogółem | B23: =SUM(Cashflow!B7:M7)+Cashflow!O11 -> 244093 | C23: 244093 | D23: =ROUND(B23-C23,2) -> 0 | E23: =IF(ABS(D23)<=0.05,"OK","SPRAWDŹ") -> OK
A24: Zadanie 2 – wydatki ogółem | B24: =SUM(Cashflow!B8:M8)+Cashflow!O12 -> 165246.3 | C24: 165246.3 | D24: =ROUND(B24-C24,2) -> 0 | E24: =IF(ABS(D24)<=0.05,"OK","SPRAWDŹ") -> OK
A25: Zadanie 3 – wydatki ogółem | B25: =SUM(Cashflow!B9:M9) -> 233944 | C25: 233944 | D25: =ROUND(B25-C25,2) -> 0 | E25: =IF(ABS(D25)<=0.05,"OK","SPRAWDŹ") -> OK
A26: Koszty pośrednie | B26: =Cashflow!O13 -> 81343.2 | C26: 81343.2 | D26: =ROUND(B26-C26,2) -> 0 | E26: =IF(ABS(D26)<=0.05,"OK","SPRAWDŹ") -> OK
A27: Wydatki ogółem | B27: =Cashflow!O14 -> 724626.5 | C27: 724626.5 | D27: =ROUND(B27-C27,2) -> 0 | E27: =IF(ABS(D27)<=0.05,"OK","SPRAWDŹ") -> OK
A28: Wydatki kwalifikowalne | B28: =Cashflow!O16 -> 705741.21 | C28: 705741.21 | D28: =ROUND(B28-C28,2) -> 0 | E28: =IF(ABS(D28)<=0.05,"OK","SPRAWDŹ") -> OK
A29: Dofinansowanie | B29: =Cashflow!O20 -> 599880.03 | C29: 599880.03 | D29: =ROUND(B29-C29,2) -> 0 | E29: =IF(ABS(D29)<=0.05,"OK","SPRAWDŹ") -> OK
A30: Wkład własny (pożyczka) – wymagany | B30: =Cashflow!O14-Cashflow!O20 -> 124746.47 | C30: 124746.47 | D30: =ROUND(B30-C30,2) -> 0 | E30: =IF(ABS(D30)<=0.05,"OK","SPRAWDŹ") -> OK

Sheet Założenia
A1: Założenia modelu cashflow – projekt SZMO (FEPW.01.01-IP.01-0825/26)
A2: Smart-ELIT sp. z o.o. · okres realizacji 01.09.2026–31.08.2027 · kolor niebieski = dane wejściowe (z wniosku lub założenie), czarny = formuły
A3: Scen. 1: zaliczka na początku kwartału = 85% kosztów kwalif. kolejnych 3 mies. | Scen. 2: refundacja 85% kosztów kwartału z opóźnieniem | Scen. 3: 1. zaliczka = max % z B11, kolejne zaliczki kwartalnie wg potrzeb (niewykorzystana zaliczka ≤ B11, łącznie ≤ 100% − B12), reszta po wniosku końcowym. | E3: Parametry scenariusza 3 (zaliczki wg umowy)
A4: Stopa dofinansowania | B4: 0.85 | C4: Wniosek – podsumowanie wydatków | E4: Miesiąc wypłaty 1. zaliczki (nr mies.: 1 = wrz 2026, 3 = lis 2026) | L4: 3
A5: Stawka kosztów pośrednich (od wynagrodzeń kwalifik.) | B5: 0.15 | C5: Wniosek – koszty uproszczone (ryczałt 15%) | E5: Kolejna zaliczka po wydatkowaniu min. % wypłaconych narastająco | L5: 0.7
A6: Limit pożyczek właścicielskich (wkład własny, PLN) | B6: 124746.47 | C6: Wniosek – źródła finansowania (pożyczka, przedwstępne umowy) | E6: Opóźnienie rozliczenia wydatków przed kolejną zaliczką (mies.) | L6: 0
A7: Saldo początkowe gotówki (PLN) | B7: 0 | C7: ZAŁOŻENIE – brak danych we wniosku | E7: Wydatkowanie liczone jako 85% × wydatki kwalifikowalne narastająco od początku projektu (w tym wrz–paź 2026).
A8: Minimalne saldo gotówki / bufor (PLN) | B8: 0 | C8: ZAŁOŻENIE – zmień, jeśli chcesz utrzymywać rezerwę
A9: Scenariusz wpływu dofinansowania (1 / 2 / 3) | B9: 3 | C9: 1 = zaliczki kwartalne; 2 = refundacja kwartalna; 3 = wg umowy (zaliczka max 40%, 15% przy wniosku końcowym)
A10: Opóźnienie wypłaty refundacji / płatności końcowej (mies.) | B10: 2 | C10: ZAŁOŻENIE – dot. scenariuszy 2 i 3 (od końca kwartału / od końca projektu)
A11: Maksymalna pojedyncza zaliczka (% dofinansowania) – scen. 3 | B11: 0.4 | C11: UMOWA O DOFINANSOWANIE: zaliczka maks. 40% dofinansowania
A12: Płatność końcowa w formie refundacji (% dofinansowania) – scen. 3 | B12: 0.15 | C12: UMOWA O DOFINANSOWANIE: 15% wypłacane przy wniosku o płatność końcową
A13: Zakupy i przychody – harmonogram płatności
A14: Pozycja | B14: Netto (kwalifikowalne) | C14: Brutto (wydatek ogółem) | D14: wrz 2026 | E14: paź 2026 | F14: lis 2026 | G14: gru 2026 | H14: sty 2027 | I14: lut 2027 | J14: mar 2027 | K14: kwi 2027 | L14: maj 2027 | M14: cze 2027 | N14: lip 2027 | O14: sie 2027 | P14: Suma udziałów
A15: Materiały do budowy modułów (Zadanie 1) | B15: 72966.67 | C15: 89749 | D15: 0 | E15: 0.5 | F15: 0.5 | G15: 0 | H15: 0 | I15: 0 | J15: 0 | K15: 0 | L15: 0 | M15: 0 | N15: 0 | O15: 0 | P15: =SUM(D15:O15) -> 1
A16: Zapora sieciowa NGFW (Zadanie 2) | B16: 9143.34 | C16: 11246.3 | D16: 0 | E16: 0 | F16: 0 | G16: 1 | H16: 0 | I16: 0 | J16: 0 | K16: 0 | L16: 0 | M16: 0 | N16: 0 | O16: 0 | P16: =SUM(D16:O16) -> 1
A17: Przychody ze sprzedaży (wpływ brutto, PLN) | D17: 0 | E17: 0 | F17: 0 | G17: 0 | H17: 0 | I17: 0 | J17: 0 | K17: 0 | L17: 0 | M17: 0 | N17: 0 | O17: 0 | P17: =SUM(D17:O17) -> 0
A18: Wniosek nie zawiera prognozy przychodów w okresie projektu (pierwsza sprzedaż/pilotaż do 31.08.2027) – domyślnie 0. Terminy płatności zakupów to założenie (zamówienie po rozstrzygnięciu naboru).
A20: Zaangażowanie personelu (etaty w miesiącu) i stawki – wg uzasadnień wydatków we wniosku
A21: Zadanie | B21: Osoba / rola | C21: Koszt 1 etatu (brutto brutto, PLN) | D21: wrz 2026 | E21: paź 2026 | F21: lis 2026 | G21: gru 2026 | H21: sty 2027 | I21: lut 2027 | J21: mar 2027 | K21: kwi 2027 | L21: maj 2027 | M21: cze 2027 | N21: lip 2027 | O21: sie 2027 | P21: Etatomiesiące | Q21: Koszt wyliczony | R21: Wg wniosku | S21: Różnica
A22: 1 | B22: Lider projektu (T. Dzik) | C22: 14000 | D22: 0.5 | E22: 0.5 | F22: 0.4 | G22: 0.4 | H22: 0.4 | I22: 0.4 | J22: 0 | K22: 0 | L22: 0 | M22: 0 | N22: 0 | O22: 0 | P22: =SUM(D22:O22) -> 2.6 | Q22: =P22*C22 -> 36400 | R22: 36400 | S22: =ROUND(Q22-R22,2) -> 0
A23: 1 | B23: Ekspert ds. automatyki i pomiarów / Architekt IT (P. Naszkowski) | C23: 14000 | D23: 0.5 | E23: 0.5 | F23: 0.3 | G23: 0.3 | H23: 0.3 | I23: 0.3 | J23: 0 | K23: 0 | L23: 0 | M23: 0 | N23: 0 | O23: 0 | P23: =SUM(D23:O23) -> 2.2 | Q23: =P23*C23 -> 30800 | R23: 30800 | S23: =ROUND(Q23-R23,2) -> 0
A24: 1 | B24: Ekspert ds. energoelektroniki (Ł. Fabijański) | C24: 14000 | D24: 0.25 | E24: 0.25 | F24: 0.25 | G24: 0.25 | H24: 0.25 | I24: 0.25 | J24: 0 | K24: 0 | L24: 0 | M24: 0 | N24: 0 | O24: 0 | P24: =SUM(D24:O24) -> 1.5 | Q24: =P24*C24 -> 21000 | R24: 21000 | S24: =ROUND(Q24-R24,2) -> 0
A25: 1 | B25: Ekspert ds. projektowania mechanicznego (A. Prokopiuk) | C25: 12048 | D25: 0.5 | E25: 0.5 | F25: 0.5 | G25: 0.5 | H25: 0.5 | I25: 0.5 | J25: 0 | K25: 0 | L25: 0 | M25: 0 | N25: 0 | O25: 0 | P25: =SUM(D25:O25) -> 3 | Q25: =P25*C25 -> 36144 | R25: 36144 | S25: =ROUND(Q25-R25,2) -> 0
A26: 1 | B26: Inżynier elektronik, monter (T. Sobieszuk) | C26: 10000 | D26: 0.5 | E26: 0.5 | F26: 0.5 | G26: 0.5 | H26: 0.5 | I26: 0.5 | J26: 0 | K26: 0 | L26: 0 | M26: 0 | N26: 0 | O26: 0 | P26: =SUM(D26:O26) -> 3 | Q26: =P26*C26 -> 30000 | R26: 30000 | S26: =ROUND(Q26-R26,2) -> 0
A27: 2 | B27: Lider projektu (T. Dzik) | C27: 14000 | D27: 0 | E27: 0 | F27: 0.1 | G27: 0.1 | H27: 0.1 | I27: 0.1 | J27: 0.1 | K27: 0.1 | L27: 0 | M27: 0 | N27: 0 | O27: 0 | P27: =SUM(D27:O27) -> 0.6 | Q27: =P27*C27 -> 8400 | R27: 8400 | S27: =ROUND(Q27-R27,2) -> 0
A28: 2 | B28: Ekspert ds. automatyki i pomiarów / Architekt IT (P. Naszkowski) | C28: 14000 | D28: 0 | E28: 0 | F28: 0.2 | G28: 0.2 | H28: 0.2 | I28: 0.2 | J28: 0.3 | K28: 0.3 | L28: 0 | M28: 0 | N28: 0 | O28: 0 | P28: =SUM(D28:O28) -> 1.4 | Q28: =P28*C28 -> 19600 | R28: 19600 | S28: =ROUND(Q28-R28,2) -> 0
A29: 2 | B29: Programista front-end (P. Gawarecki) | C29: 14000 | D29: 0 | E29: 0 | F29: 0.5 | G29: 0.5 | H29: 0.5 | I29: 0.5 | J29: 0.5 | K29: 0.5 | L29: 0 | M29: 0 | N29: 0 | O29: 0 | P29: =SUM(D29:O29) -> 3 | Q29: =P29*C29 -> 42000 | R29: 42000 | S29: =ROUND(Q29-R29,2) -> 0
A30: 2 | B30: Programista back-end (D. Szczepański) | C30: 14000 | D30: 0 | E30: 0 | F30: 0.5 | G30: 0.5 | H30: 0.5 | I30: 0.5 | J30: 0.5 | K30: 0.5 | L30: 0 | M30: 0 | N30: 0 | O30: 0 | P30: =SUM(D30:O30) -> 3 | Q30: =P30*C30 -> 42000 | R30: 42000 | S30: =ROUND(Q30-R30,2) -> 0
A31: 2 | B31: Programista nisko-poziomowy (K. Potępa) | C31: 14000 | D31: 0 | E31: 0 | F31: 0.5 | G31: 0.5 | H31: 0.5 | I31: 0.5 | J31: 0.5 | K31: 0.5 | L31: 0 | M31: 0 | N31: 0 | O31: 0 | P31: =SUM(D31:O31) -> 3 | Q31: =P31*C31 -> 42000 | R31: 42000 | S31: =ROUND(Q31-R31,2) -> 0
A32: 3 | B32: Lider projektu (T. Dzik) | C32: 14000 | D32: 0 | E32: 0 | F32: 0 | G32: 0 | H32: 0 | I32: 0 | J32: 0.4 | K32: 0.4 | L32: 0.5 | M32: 0.5 | N32: 0.5 | O32: 0.5 | P32: =SUM(D32:O32) -> 2.8 | Q32: =P32*C32 -> 39200 | R32: 39200 | S32: =ROUND(Q32-R32,2) -> 0
A33: 3 | B33: Ekspert ds. automatyki i pomiarów / Architekt IT (P. Naszkowski) | C33: 14000 | D33: 0 | E33: 0 | F33: 0 | G33: 0 | H33: 0 | I33: 0 | J33: 0.2 | K33: 0.2 | L33: 0.5 | M33: 0.5 | N33: 0.5 | O33: 0.5 | P33: =SUM(D33:O33) -> 2.4 | Q33: =P33*C33 -> 33600 | R33: 33600 | S33: =ROUND(Q33-R33,2) -> 0
... A39: 3 | B39: Programista nisko-poziomowy (K. Potępa) | C39: 14000 | D39: 0 | E39: 0 | F39: 0 | G39: 0 | H39: 0 | I39: 0 | J39: 0 | K39: 0 | L39: 0.5 | M39: 0.5 | N39: 0.5 | O39: 0.5 | P39: =SUM(D39:O39) -> 2 | Q39: =P39*C39 -> 28000 | R39: 28000 | S39: =ROUND(Q39-R39,2) -> 0
B40: RAZEM | Q40: =SUM(Q22:Q39) -> 542288 | R40: =SUM(R22:R39) -> 542288 | S40: =SUM(S22:S39) -> 0
A41: Wynagrodzenia przyjęto jako koszt całkowity pracodawcy („brutto brutto”) i zakładamy wypłatę w miesiącu poniesienia kosztu (podejście ostrożne dla płynności; w praktyce część – ZUS/PIT – płatna do 20. dnia następnego miesiąca).

Sheet Harmonogram płatności
A1: Harmonogram płatności dofinansowania – wg zapisów umowy
A2: Zaliczka maks. 40% dofinansowania; kolejna zaliczka dopiero po wydatkowaniu 70% wypłaconych dotąd zaliczek (narastająco); 15% dofinansowania wypłacane w formie refundacji po wniosku o płatność końcową (opóźnienie – Założenia!B10). Arkusz zawsze pokazuje scenariusz 3, niezależnie od wyboru w Założeniach.
A4: Dofinansowanie ogółem (PLN) | B4: =Cashflow!B44 -> 599880.03
A5: Maksymalna zaliczka (PLN) | B5: =ROUND(Założenia!B11*B4,2) -> 239952.01
A6: Płatność końcowa – 15% (PLN) | B6: =ROUND(Założenia!B12*B4,2) -> 89982
A8: Lp. | B8: Płatność | C8: Termin (miesiąc) | D8: Kwota (PLN) | E8: % dofinansowania | F8: Narastająco (PLN) | G8: Narastająco % | H8: Niewykorzystana zaliczka po wypłacie (PLN) | I8: Wydatkowano z wcześniej wypłaconych (%) | J8: Uwagi
A9: 1 | B9: Zaliczka nr 1 | C9: =IFERROR(INDEX(Cashflow!$B$4:$M$4,MATCH(1,Cashflow!$B$43:$M$43,0)),"–") -> lis 2026 | D9: =IFERROR(INDEX(Cashflow!$B$37:$M$37,MATCH(1,Cashflow!$B$43:$M$43,0)),0) -> 239952.01 | E9: =D9/$B$4 -> 0.4 | F9: =SUM($D$9:D9) -> 239952.01 | G9: =F9/$B$4 -> 0.4 | H9: =IFERROR(INDEX(Cashflow!$B$39:$M$39,MATCH(1,Cashflow!$B$43:$M$43,0)),0) -> 239952.01 | I9: n/d | J9: Maksymalna zaliczka (40% dofinansowania), wypłata na początku miesiąca
A10: 2 | B10: Zaliczka nr 2 | C10: =IFERROR(INDEX(Cashflow!$B$4:$M$4,MATCH(2,Cashflow!$B$43:$M$43,0)),"–") -> sty 2027 | D10: =IFERROR(INDEX(Cashflow!$B$37:$M$37,MATCH(2,Cashflow!$B$43:$M$43,0)),0) -> 239952.01 | E10: =D10/$B$4 -> 0.4 | F10: =SUM($D$9:D10) -> 479904.02 | G10: =F10/$B$4 -> 0.79999999 | H10: =IFERROR(INDEX(Cashflow!$B$39:$M$39,MATCH(2,Cashflow!$B$43:$M$43,0)),0) -> 257526.67 | I10: =IFERROR(Założenia!$B$4*INDEX(Cashflow!$B$40:$M$40,MATCH(2,Cashflow!$B$43:$M$43,0)-1-Założenia!$L$6)/F9,"–") -> 0.9267576 | J10: Po wydatkowaniu min. 70% wypłaconych dotąd zaliczek – kwota wg limitu 40%
A11: 3 | B11: Zaliczka nr 3 | C11: =IFERROR(INDEX(Cashflow!$B$4:$M$4,MATCH(3,Cashflow!$B$43:$M$43,0)),"–") -> kwi 2027 | D11: =IFERROR(INDEX(Cashflow!$B$37:$M$37,MATCH(3,Cashflow!$B$43:$M$43,0)),0) -> 29994.01 | E11: =D11/$B$4 -> 0.050000014 | F11: =SUM($D$9:D11) -> 509898.03 | G11: =F11/$B$4 -> 0.85000001 | H11: =IFERROR(INDEX(Cashflow!$B$39:$M$39,MATCH(3,Cashflow!$B$43:$M$43,0)),0) -> 142291.55 | I11: =IFERROR(Założenia!$B$4*INDEX(Cashflow!$B$40:$M$40,MATCH(3,Cashflow!$B$43:$M$43,0)-1-Założenia!$L$6)/F10,"–") -> 0.766 | J11: Domknięcie limitu 85% (zaliczki + refundacje przed wnioskiem końcowym) po wydatkowaniu 70%
A12: 4 | B12: Zaliczka nr 4 | C12: =IFERROR(INDEX(Cashflow!$B$4:$M$4,MATCH(4,Cashflow!$B$43:$M$43,0)),"–") -> – | D12: =IFERROR(INDEX(Cashflow!$B$37:$M$37,MATCH(4,Cashflow!$B$43:$M$43,0)),0) -> 0 | E12: =D12/$B$4 -> 0 | F12: =SUM($D$9:D12) -> 509898.03 | G12: =F12/$B$4 -> 0.85000001 | H12: =IFERROR(INDEX(Cashflow!$B$39:$M$39,MATCH(4,Cashflow!$B$43:$M$43,0)),0) -> 0 | I12: =IFERROR(Założenia!$B$4*INDEX(Cashflow!$B$40:$M$40,MATCH(4,Cashflow!$B$43:$M$43,0)-1-Założenia!$L$6)/F11,"–") -> – | J12: Nie występuje (limit 85% wykorzystany)
A13: 5 | B13: Płatność końcowa (refundacja po wniosku o płatność końcową) | C13: =CHOOSE(Założenia!B10,"wrz 2027","paź 2027","lis 2027","gru 2027","sty 2028") -> paź 2027 | D13: =Cashflow!N37 -> 89982 | E13: =D13/$B$4 -> 0.14999999 | F13: =SUM($D$9:D13) -> 599880.03 | G13: =F13/$B$4 -> 1 | H13: 0 | J13: Wniosek końcowy po 31.08.2027; wypłata poza okresem realizacji projektu
B14: RAZEM | D14: =SUM(D9:D13) -> 599880.03 | E14: =D14/B4 -> 1
A16: Kontrola zapisów umowy
A17: Suma płatności = dofinansowanie | B17: =ROUND(D14-B4,2) -> 0 | C17: =IF(ABS(B17)<=0.05,"OK","SPRAWDŹ") -> OK
A18: Największa pojedyncza zaliczka ≤ 40% dofinansowania | B18: =MAX(D9:D12) -> 239952.01 | C18: =IF(B18<=B5+0.05,"OK","SPRAWDŹ") -> OK
A19: Płatność końcowa ≥ 15% dofinansowania | B19: =D13 -> 89982 | C19: =IF(D13>=B6-0.05,"OK","SPRAWDŹ") -> OK
A20: Wypłaty przed wnioskiem końcowym ≤ 85% dofinansowania | B20: =SUM(D9:D12) -> 509898.03 | C20: =IF(B20<=B4-B6+0.05,"OK","SPRAWDŹ") -> OK
A21: Kolejna zaliczka po wydatkowaniu ≥ 70% wypłaconych dotąd (najniższe wydatkowanie) | B21: =MIN(I10:I12) -> 0.766 | C21: =IF(B21>=Założenia!L5-0.0001,"OK","SPRAWDŹ") -> OK

Sheet Cashflow
A1: Cashflow projektu SZMO – miesięcznie (PLN)
A2: ="Scenariusz wpływu dofinansowania: "&IF(Założenia!B9=1,"1 – zaliczki kwartalne",IF(Założenia!B9=2,"2 – refundacja kwartalna z opóźnieniem "&Założenia!B10&" mies.","3 – wg umowy: zaliczki (max "&TEXT(Założenia!B11,"0%")&") + płatność końcowa "&TEXT(Założenia!B12,"0%")&" po wniosku końcowym")) -> Scenariusz wpływu dofinansowania: 3 – wg umowy: zaliczki (max 40%) + płatność końcowa 15% po wniosku końcowym
A4: Pozycja | B4: wrz 2026 | C4: paź 2026 | D4: lis 2026 | E4: gru 2026 | F4: sty 2027 | G4: lut 2027 | H4: mar 2027 | I4: kwi 2027 | J4: maj 2027 | K4: cze 2027 | L4: lip 2027 | M4: sie 2027 | N4: Po projekcie (od wrz 2027) | O4: Razem
A5: Nr miesiąca | B5: 1 | C5: 2 | D5: 3 | E5: 4 | F5: 5 | G5: 6 | H5: 7 | I5: 8 | J5: 9 | K5: 10 | L5: 11 | M5: 12 | N5: 13
A6: WYDATKI (wypływy gotówki, brutto)
A7: Wynagrodzenia – Zadanie 1 | B7: =SUMPRODUCT((Założenia!$A$22:$A$39=1)*Założenia!D$22:D$39*Założenia!$C$22:$C$39) -> 28524 | C7: =SUMPRODUCT((Założenia!$A$22:$A$39=1)*Założenia!E$22:E$39*Założenia!$C$22:$C$39) -> 28524 | D7: =SUMPRODUCT((Założenia!$A$22:$A$39=1)*Założenia!F$22:F$39*Założenia!$C$22:$C$39) -> 24324 | E7: =SUMPRODUCT((Założenia!$A$22:$A$39=1)*Założenia!G$22:G$39*Założenia!$C$22:$C$39) -> 24324 | F7: =SUMPRODUCT((Założenia!$A$22:$A$39=1)*Założenia!H$22:H$39*Założenia!$C$22:$C$39) -> 24324 | G7: =SUMPRODUCT((Założenia!$A$22:$A$39=1)*Założenia!I$22:I$39*Założenia!$C$22:$C$39) -> 24324 | H7: =SUMPRODUCT((Założenia!$A$22:$A$39=1)*Założenia!J$22:J$39*Założenia!$C$22:$C$39) -> 0 | I7: =SUMPRODUCT((Założenia!$A$22:$A$39=1)*Założenia!K$22:K$39*Założenia!$C$22:$C$39) -> 0 | ... M7: =SUMPRODUCT((Założenia!$A$22:$A$39=1)*Założenia!O$22:O$39*Założenia!$C$22:$C$39) -> 0 | N7: 0 | O7: =SUM(B7:N7) -> 154344
A8: Wynagrodzenia – Zadanie 2 | B8: =SUMPRODUCT((Założenia!$A$22:$A$39=2)*Założenia!D$22:D$39*Założenia!$C$22:$C$39) -> 0 | C8: =SUMPRODUCT((Założenia!$A$22:$A$39=2)*Założenia!E$22:E$39*Założenia!$C$22:$C$39) -> 0 | D8: =SUMPRODUCT((Założenia!$A$22:$A$39=2)*Założenia!F$22:F$39*Założenia!$C$22:$C$39) -> 25200 | E8: =SUMPRODUCT((Założenia!$A$22:$A$39=2)*Założenia!G$22:G$39*Założenia!$C$22:$C$39) -> 25200 | F8: =SUMPRODUCT((Założenia!$A$22:$A$39=2)*Założenia!H$22:H$39*Założenia!$C$22:$C$39) -> 25200 | G8: =SUMPRODUCT((Założenia!$A$22:$A$39=2)*Założenia!I$22:I$39*Założenia!$C$22:$C$39) -> 25200 | H8: =SUMPRODUCT((Założenia!$A$22:$A$39=2)*Założenia!J$22:J$39*Założenia!$C$22:$C$39) -> 26600 | I8: =SUMPRODUCT((Założenia!$A$22:$A$39=2)*Założenia!K$22:K$39*Założenia!$C$22:$C$39) -> 26600 | ... M8: =SUMPRODUCT((Założenia!$A$22:$A$39=2)*Założenia!O$22:O$39*Założenia!$C$22:$C$39) -> 0 | N8: 0 | O8: =SUM(B8:N8) -> 154000
A9: Wynagrodzenia – Zadanie 3 | B9: =SUMPRODUCT((Założenia!$A$22:$A$39=3)*Założenia!D$22:D$39*Założenia!$C$22:$C$39) -> 0 | C9: =SUMPRODUCT((Założenia!$A$22:$A$39=3)*Założenia!E$22:E$39*Założenia!$C$22:$C$39) -> 0 | D9: =SUMPRODUCT((Założenia!$A$22:$A$39=3)*Założenia!F$22:F$39*Założenia!$C$22:$C$39) -> 0 | E9: =SUMPRODUCT((Założenia!$A$22:$A$39=3)*Założenia!G$22:G$39*Założenia!$C$22:$C$39) -> 0 | F9: =SUMPRODUCT((Założenia!$A$22:$A$39=3)*Założenia!H$22:H$39*Założenia!$C$22:$C$39) -> 0 | G9: =SUMPRODUCT((Założenia!$A$22:$A$39=3)*Założenia!I$22:I$39*Założenia!$C$22:$C$39) -> 0 | H9: =SUMPRODUCT((Założenia!$A$22:$A$39=3)*Założenia!J$22:J$39*Założenia!$C$22:$C$39) -> 22924 | I9: =SUMPRODUCT((Założenia!$A$22:$A$39=3)*Założenia!K$22:K$39*Założenia!$C$22:$C$39) -> 22924 | ... M9: =SUMPRODUCT((Założenia!$A$22:$A$39=3)*Założenia!O$22:O$39*Założenia!$C$22:$C$39) -> 44524 | N9: 0 | O9: =SUM(B9:N9) -> 233944
A10: Wynagrodzenia razem | B10: =SUM(B7:B9) -> 28524 | C10: =SUM(C7:C9) -> 28524 | D10: =SUM(D7:D9) -> 49524 | E10: =SUM(E7:E9) -> 49524 | F10: =SUM(F7:F9) -> 49524 | G10: =SUM(G7:G9) -> 49524 | H10: =SUM(H7:H9) -> 49524 | I10: =SUM(I7:I9) -> 49524 | ... M10: =SUM(M7:M9) -> 44524 | N10: 0 | O10: =SUM(B10:N10) -> 542288
A11: Materiały do budowy modułów (brutto) | B11: =Założenia!$C$15*Założenia!D$15 -> 0 | C11: =Założenia!$C$15*Założenia!E$15 -> 44874.5 | D11: =Założenia!$C$15*Założenia!F$15 -> 44874.5 | E11: =Założenia!$C$15*Założenia!G$15 -> 0 | F11: =Założenia!$C$15*Założenia!H$15 -> 0 | G11: =Założenia!$C$15*Założenia!I$15 -> 0 | H11: =Założenia!$C$15*Założenia!J$15 -> 0 | I11: =Założenia!$C$15*Założenia!K$15 -> 0 | ... M11: =Założenia!$C$15*Założenia!O$15 -> 0 | N11: 0 | O11: =SUM(B11:N11) -> 89749
A12: Zapora sieciowa NGFW (brutto) | B12: =Założenia!$C$16*Założenia!D$16 -> 0 | C12: =Założenia!$C$16*Założenia!E$16 -> 0 | D12: =Założenia!$C$16*Założenia!F$16 -> 0 | E12: =Założenia!$C$16*Założenia!G$16 -> 11246.3 | F12: =Założenia!$C$16*Założenia!H$16 -> 0 | G12: =Założenia!$C$16*Założenia!I$16 -> 0 | H12: =Założenia!$C$16*Założenia!J$16 -> 0 | I12: =Założenia!$C$16*Założenia!K$16 -> 0 | ... M12: =Założenia!$C$16*Założenia!O$16 -> 0 | N12: 0 | O12: =SUM(B12:N12) -> 11246.3
A13: Koszty pośrednie (ryczałt 15%) | B13: =Założenia!$B$5*B10 -> 4278.6 | C13: =Założenia!$B$5*C10 -> 4278.6 | D13: =Założenia!$B$5*D10 -> 7428.6 | E13: =Założenia!$B$5*E10 -> 7428.6 | F13: =Założenia!$B$5*F10 -> 7428.6 | G13: =Założenia!$B$5*G10 -> 7428.6 | H13: =Założenia!$B$5*H10 -> 7428.6 | I13: =Założenia!$B$5*I10 -> 7428.6 | ... M13: =Założenia!$B$5*M10 -> 6678.6 | N13: 0 | O13: =SUM(B13:N13) -> 81343.2
A14: WYDATKI RAZEM | B14: =SUM(B10:B13) -> 32802.6 | C14: =SUM(C10:C13) -> 77677.1 | D14: =SUM(D10:D13) -> 101827.1 | E14: =SUM(E10:E13) -> 68198.9 | F14: =SUM(F10:F13) -> 56952.6 | G14: =SUM(G10:G13) -> 56952.6 | H14: =SUM(H10:H13) -> 56952.6 | I14: =SUM(I10:I13) -> 56952.6 | ... M14: =SUM(M10:M13) -> 51202.6 | N14: 0 | O14: =SUM(B14:N14) -> 724626.5
A16: w tym wydatki kwalifikowalne | B16: =B10+B13+Założenia!$B$15*Założenia!D$15+Założenia!$B$16*Założenia!D$16 -> 32802.6 | C16: =C10+C13+Założenia!$B$15*Założenia!E$15+Założenia!$B$16*Założenia!E$16 -> 69285.935 | D16: =D10+D13+Założenia!$B$15*Założenia!F$15+Założenia!$B$16*Założenia!F$16 -> 93435.935 | E16: =E10+E13+Założenia!$B$15*Założenia!G$15+Założenia!$B$16*Założenia!G$16 -> 66095.94 | F16: =F10+F13+Założenia!$B$15*Założenia!H$15+Założenia!$B$16*Założenia!H$16 -> 56952.6 | G16: =G10+G13+Założenia!$B$15*Założenia!I$15+Założenia!$B$16*Założenia!I$16 -> 56952.6 | H16: =H10+H13+Założenia!$B$15*Założenia!J$15+Założenia!$B$16*Założenia!J$16 -> 56952.6 | I16: =I10+I13+Założenia!$B$15*Założenia!K$15+Założenia!$B$16*Założenia!K$16 -> 56952.6 | ... M16: =M10+M13+Założenia!$B$15*Założenia!O$15+Założenia!$B$16*Założenia!O$16 -> 51202.6 | N16: 0 | O16: =SUM(B16:N16) -> 705741.21
A17: w tym VAT (niekwalifikowalny – wnioskodawca nie odzyskuje VAT) | B17: =B14-B16 -> 0 | C17: =C14-C16 -> 8391.165 | D17: =D14-D16 -> 8391.165 | E17: =E14-E16 -> 2102.96 | F17: =F14-F16 -> 0 | G17: =G14-G16 -> 0 | H17: =H14-H16 -> 0 | I17: =I14-I16 -> 0 | ... M17: =M14-M16 -> 0 | N17: 0 | O17: =SUM(B17:N17) -> 18885.29
A19: WPŁYWY
A20: Dofinansowanie (wg wybranego scenariusza) | B20: =CHOOSE(Założenia!$B$9,B33,B34,B37) -> 0 | C20: =CHOOSE(Założenia!$B$9,C33,C34,C37) -> 0 | D20: =CHOOSE(Założenia!$B$9,D33,D34,D37) -> 239952.01 | E20: =CHOOSE(Założenia!$B$9,E33,E34,E37) -> 0 | F20: =CHOOSE(Założenia!$B$9,F33,F34,F37) -> 239952.01 | G20: =CHOOSE(Założenia!$B$9,G33,G34,G37) -> 0 | H20: =CHOOSE(Założenia!$B$9,H33,H34,H37) -> 0 | I20: =CHOOSE(Założenia!$B$9,I33,I34,I37) -> 29994.01 | ... N20: =CHOOSE(Założenia!$B$9,N33,N34,N37) -> 89982 | O20: =SUM(B20:N20) -> 599880.03
A21: Przychody ze sprzedaży | B21: =Założenia!D17 -> 0 | C21: =Założenia!E17 -> 0 | D21: =Założenia!F17 -> 0 | E21: =Założenia!G17 -> 0 | F21: =Założenia!H17 -> 0 | G21: =Założenia!I17 -> 0 | H21: =Założenia!J17 -> 0 | I21: =Założenia!K17 -> 0 | ... M21: =Założenia!O17 -> 0 | N21: 0 | O21: =SUM(B21:N21) -> 0
A22: Pożyczka właścicielska (wkład własny) – uruchamiana przy niedoborze | B22: =MIN(Założenia!$B$6,MAX(0,Założenia!$B$8-(B26+B20+B21-B14))) -> 32802.6 | C22: =MIN(Założenia!$B$6-SUM($B22:B22),MAX(0,Założenia!$B$8-(C26+C20+C21-C14))) -> 77677.1 | D22: =MIN(Założenia!$B$6-SUM($B22:C22),MAX(0,Założenia!$B$8-(D26+D20+D21-D14))) -> 0 | E22: =MIN(Założenia!$B$6-SUM($B22:D22),MAX(0,Założenia!$B$8-(E26+E20+E21-E14))) -> 0 | F22: =MIN(Założenia!$B$6-SUM($B22:E22),MAX(0,Założenia!$B$8-(F26+F20+F21-F14))) -> 0 | G22: =MIN(Założenia!$B$6-SUM($B22:F22),MAX(0,Założenia!$B$8-(G26+G20+G21-G14))) -> 0 | H22: =MIN(Założenia!$B$6-SUM($B22:G22),MAX(0,Założenia!$B$8-(H26+H20+H21-H14))) -> 0 | I22: =MIN(Założenia!$B$6-SUM($B22:H22),MAX(0,Założenia!$B$8-(I26+I20+I21-I14))) -> 0 | J22: =MIN(Założenia!$B$6-SUM($B22:I22),MAX(0,Założenia!$B$8-(J26+J20+J21-J14))) -> 0 | ... N22: =MIN(Założenia!$B$6-SUM($B22:M22),MAX(0,Założenia!$B$8-(N26+N20+N21-N14))) -> 0 | O22: =SUM(B22:N22) -> 124746.47
A23: WPŁYWY RAZEM | B23: =SUM(B20:B22) -> 32802.6 | C23: =SUM(C20:C22) -> 77677.1 | D23: =SUM(D20:D22) -> 239952.01 | E23: =SUM(E20:E22) -> 0 | F23: =SUM(F20:F22) -> 239952.01 | G23: =SUM(G20:G22) -> 0 | H23: =SUM(H20:H22) -> 0 | I23: =SUM(I20:I22) -> 29994.01 | ... N23: =SUM(N20:N22) -> 89982 | O23: =SUM(B23:N23) -> 724626.5
A25: SALDO GOTÓWKI
A26: Saldo początkowe | B26: =Założenia!$B$7 -> 0 | C26: =B28 -> 0 | D26: =C28 -> 0 | E26: =D28 -> 138124.91 | F26: =E28 -> 69926.01 | G26: =F28 -> 252925.42 | H26: =G28 -> 195972.82 | I26: =H28 -> 139020.22 | J26: =I28 -> 112061.63 | ... N26: =M28 -> -89982 | O26: =B26 -> 0
A27: Przepływ netto w miesiącu | B27: =B23-B14 -> 0 | C27: =C23-C14 -> 0 | D27: =D23-D14 -> 138124.91 | E27: =E23-E14 -> -68198.9 | F27: =F23-F14 -> 182999.41 | G27: =G23-G14 -> -56952.6 | H27: =H23-H14 -> -56952.6 | I27: =I23-I14 -> -26958.59 | ... N27: =N23-N14 -> 89982 | O27: =SUM(B27:N27) -> 0
A28: Saldo końcowe | B28: =B26+B27 -> 0 | C28: =C26+C27 -> 0 | D28: =D26+D27 -> 138124.91 | E28: =E26+E27 -> 69926.01 | F28: =F26+F27 -> 252925.42 | G28: =G26+G27 -> 195972.82 | H28: =H26+H27 -> 139020.22 | I28: =I26+I27 -> 112061.63 | ... N28: =N26+N27 -> 0 | O28: =N28 -> 0
A29: Niedobór względem bufora (limit pożyczki wyczerpany) | B29: =MAX(0,Założenia!$B$8-B28) -> 0 | C29: =MAX(0,Założenia!$B$8-C28) -> 0 | D29: =MAX(0,Założenia!$B$8-D28) -> 0 | E29: =MAX(0,Założenia!$B$8-E28) -> 0 | F29: =MAX(0,Założenia!$B$8-F28) -> 0 | G29: =MAX(0,Założenia!$B$8-G28) -> 0 | H29: =MAX(0,Założenia!$B$8-H28) -> 0 | I29: =MAX(0,Założenia!$B$8-I28) -> 0 | ... N29: =MAX(0,Założenia!$B$8-N28) -> 0 | O29: =MAX(B29:N29) -> 89982
A30: Pożyczka – wykorzystanie narastająco | B30: =SUM($B22:B22) -> 32802.6 | C30: =SUM($B22:C22) -> 110479.7 | D30: =SUM($B22:D22) -> 110479.7 | E30: =SUM($B22:E22) -> 110479.7 | F30: =SUM($B22:F22) -> 110479.7 | G30: =SUM($B22:G22) -> 110479.7 | H30: =SUM($B22:H22) -> 110479.7 | I30: =SUM($B22:I22) -> 110479.7 | ... N30: =SUM($B22:N22) -> 124746.47 | O30: =N30 -> 124746.47
A32: OBLICZENIA POMOCNICZE – porównanie scenariuszy dofinansowania
A33: Zaliczki (scenariusz 1) – wpływ | B33: =IF(MOD(B$5-1,3)=0,ROUND(Założenia!$B$4*SUMIFS($B$16:$M$16,$B$5:$M$5,">="&B$5,$B$5:$M$5,"<="&(B$5+2)),2),0) -> 166195.8 | C33: =IF(MOD(C$5-1,3)=0,ROUND(Założenia!$B$4*SUMIFS($B$16:$M$16,$B$5:$M$5,">="&C$5,$B$5:$M$5,"<="&(C$5+2)),2),0) -> 0 | D33: =IF(MOD(D$5-1,3)=0,ROUND(Założenia!$B$4*SUMIFS($B$16:$M$16,$B$5:$M$5,">="&D$5,$B$5:$M$5,"<="&(D$5+2)),2),0) -> 0 | E33: =IF(MOD(E$5-1,3)=0,ROUND(Założenia!$B$4*SUMIFS($B$16:$M$16,$B$5:$M$5,">="&E$5,$B$5:$M$5,"<="&(E$5+2)),2),0) -> 153000.97 | F33: =IF(MOD(F$5-1,3)=0,ROUND(Założenia!$B$4*SUMIFS($B$16:$M$16,$B$5:$M$5,">="&F$5,$B$5:$M$5,"<="&(F$5+2)),2),0) -> 0 | G33: =IF(MOD(G$5-1,3)=0,ROUND(Założenia!$B$4*SUMIFS($B$16:$M$16,$B$5:$M$5,">="&G$5,$B$5:$M$5,"<="&(G$5+2)),2),0) -> 0 | H33: =IF(MOD(H$5-1,3)=0,ROUND(Założenia!$B$4*SUMIFS($B$16:$M$16,$B$5:$M$5,">="&H$5,$B$5:$M$5,"<="&(H$5+2)),2),0) -> 145229.13 | I33: =IF(MOD(I$5-1,3)=0,ROUND(Założenia!$B$4*SUMIFS($B$16:$M$16,$B$5:$M$5,">="&I$5,$B$5:$M$5,"<="&(I$5+2)),2),0) -> 0 | ... M33: =IF(MOD(M$5-1,3)=0,ROUND(Założenia!$B$4*SUMIFS($B$16:$M$16,$B$5:$M$5,">="&M$5,$B$5:$M$5,"<="&(M$5+2)),2),0) -> 0 | N33: =ROUND(Założenia!$B$4*SUM($B$16:$M$16),2)-SUM(B33:M33) -> 0 | O33: =SUM(B33:N33) -> 599880.03
A34: Refundacja (scenariusz 2) – wpływ | B34: =IF(AND(B$5-Założenia!$B$10>=3,MOD(B$5-Założenia!$B$10,3)=0),ROUND(Założenia!$B$4*SUMIFS($B$16:$M$16,$B$5:$M$5,">"&(B$5-Założenia!$B$10-3),$B$5:$M$5,"<="&(B$5-Założenia!$B$10)),2),0) -> 0 | C34: =IF(AND(C$5-Założenia!$B$10>=3,MOD(C$5-Założenia!$B$10,3)=0),ROUND(Założenia!$B$4*SUMIFS($B$16:$M$16,$B$5:$M$5,">"&(C$5-Założenia!$B$10-3),$B$5:$M$5,"<="&(C$5-Założenia!$B$10)),2),0) -> 0 | D34: =IF(AND(D$5-Założenia!$B$10>=3,MOD(D$5-Założenia!$B$10,3)=0),ROUND(Założenia!$B$4*SUMIFS($B$16:$M$16,$B$5:$M$5,">"&(D$5-Założenia!$B$10-3),$B$5:$M$5,"<="&(D$5-Założenia!$B$10)),2),0) -> 0 | E34: =IF(AND(E$5-Założenia!$B$10>=3,MOD(E$5-Założenia!$B$10,3)=0),ROUND(Założenia!$B$4*SUMIFS($B$16:$M$16,$B$5:$M$5,">"&(E$5-Założenia!$B$10-3),$B$5:$M$5,"<="&(E$5-Założenia!$B$10)),2),0) -> 0 | F34: =IF(AND(F$5-Założenia!$B$10>=3,MOD(F$5-Założenia!$B$10,3)=0),ROUND(Założenia!$B$4*SUMIFS($B$16:$M$16,$B$5:$M$5,">"&(F$5-Założenia!$B$10-3),$B$5:$M$5,"<="&(F$5-Założenia!$B$10)),2),0) -> 166195.8 | G34: =IF(AND(G$5-Założenia!$B$10>=3,MOD(G$5-Założenia!$B$10,3)=0),ROUND(Założenia!$B$4*SUMIFS($B$16:$M$16,$B$5:$M$5,">"&(G$5-Założenia!$B$10-3),$B$5:$M$5,"<="&(G$5-Założenia!$B$10)),2),0) -> 0 | H34: =IF(AND(H$5-Założenia!$B$10>=3,MOD(H$5-Założenia!$B$10,3)=0),ROUND(Założenia!$B$4*SUMIFS($B$16:$M$16,$B$5:$M$5,">"&(H$5-Założenia!$B$10-3),$B$5:$M$5,"<="&(H$5-Założenia!$B$10)),2),0) -> 0 | I34: =IF(AND(I$5-Założenia!$B$10>=3,MOD(I$5-Założenia!$B$10,3)=0),ROUND(Założenia!$B$4*SUMIFS($B$16:$M$16,$B$5:$M$5,">"&(I$5-Założenia!$B$10-3),$B$5:$M$5,"<="&(I$5-Założenia!$B$10)),2),0) -> 153000.97 | ... M34: =IF(AND(M$5-Założenia!$B$10>=3,MOD(M$5-Założenia!$B$10,3)=0),ROUND(Założenia!$B$4*SUMIFS($B$16:$M$16,$B$5:$M$5,">"&(M$5-Założenia!$B$10-3),$B$5:$M$5,"<="&(M$5-Założenia!$B$10)),2),0) -> 0 | N34: =ROUND(Założenia!$B$4*SUM($B$16:$M$16),2)-SUM(B34:M34) -> 135454.13 | O34: =SUM(B34:N34) -> 599880.03
A35: Skumulowany przepływ netto BEZ pożyczki – scen. 1 | B35: =Założenia!$B$7+B33+B21-B14 -> 133393.2 | C35: =B35+C33+C21-C14 -> 55716.1 | D35: =C35+D33+D21-D14 -> -46111 | E35: =D35+E33+E21-E14 -> 38691.07 | F35: =E35+F33+F21-F14 -> -18261.53 | G35: =F35+G33+G21-G14 -> -75214.13 | H35: =G35+H33+H21-H14 -> 13062.4 | I35: =H35+I33+I21-I14 -> -43890.2 | J35: =I35+J33+J21-J14 -> -100842.8 | ... N35: =M35+N33+N21-N14 -> -124746.47
A36: Skumulowany przepływ netto BEZ pożyczki – scen. 2 | B36: =Założenia!$B$7+B34+B21-B14 -> -32802.6 | C36: =B36+C34+C21-C14 -> -110479.7 | D36: =C36+D34+D21-D14 -> -212306.8 | E36: =D36+E34+E21-E14 -> -280505.7 | F36: =E36+F34+F21-F14 -> -171262.5 | G36: =F36+G34+G21-G14 -> -228215.1 | H36: =G36+H34+H21-H14 -> -285167.7 | I36: =H36+I34+I21-I14 -> -189119.33 | J36: =I36+J34+J21-J14 -> -246071.93 | ... N36: =M36+N34+N21-N14 -> -124746.47
A37: Wg umowy (scenariusz 3) – wpływ: zaliczki + płatność końcowa | B37: =IF(AND(B$5>=Założenia!$L$4,0<(1-Założenia!$B$12)*$B$44-0.005,Założenia!$B$4*SUMIFS($B$16:$M$16,$B$5:$M$5,"<="&(B$5-1-Założenia!$L$6))>=Założenia!$L$5*0-0.005),ROUND(MIN(Założenia!$B$11*$B$44,(1-Założenia!$B$12)*$B$44-0),2),0) -> 0 | C37: =IF(AND(C$5>=Założenia!$L$4,B41<(1-Założenia!$B$12)*$B$44-0.005,Założenia!$B$4*SUMIFS($B$16:$M$16,$B$5:$M$5,"<="&(C$5-1-Założenia!$L$6))>=Założenia!$L$5*B41-0.005),ROUND(MIN(Założenia!$B$11*$B$44,(1-Założenia!$B$12)*$B$44-B41),2),0) -> 0 | D37: =IF(AND(D$5>=Założenia!$L$4,C41<(1-Założenia!$B$12)*$B$44-0.005,Założenia!$B$4*SUMIFS($B$16:$M$16,$B$5:$M$5,"<="&(D$5-1-Założenia!$L$6))>=Założenia!$L$5*C41-0.005),ROUND(MIN(Założenia!$B$11*$B$44,(1-Założenia!$B$12)*$B$44-C41),2),0) -> 239952.01 | E37: =IF(AND(E$5>=Założenia!$L$4,D41<(1-Założenia!$B$12)*$B$44-0.005,Założenia!$B$4*SUMIFS($B$16:$M$16,$B$5:$M$5,"<="&(E$5-1-Założenia!$L$6))>=Założenia!$L$5*D41-0.005),ROUND(MIN(Założenia!$B$11*$B$44,(1-Założenia!$B$12)*$B$44-D41),2),0) -> 0 | F37: =IF(AND(F$5>=Założenia!$L$4,E41<(1-Założenia!$B$12)*$B$44-0.005,Założenia!$B$4*SUMIFS($B$16:$M$16,$B$5:$M$5,"<="&(F$5-1-Założenia!$L$6))>=Założenia!$L$5*E41-0.005),ROUND(MIN(Założenia!$B$11*$B$44,(1-Założenia!$B$12)*$B$44-E41),2),0) -> 239952.01 | G37: =IF(AND(G$5>=Założenia!$L$4,F41<(1-Założenia!$B$12)*$B$44-0.005,Założenia!$B$4*SUMIFS($B$16:$M$16,$B$5:$M$5,"<="&(G$5-1-Założenia!$L$6))>=Założenia!$L$5*F41-0.005),ROUND(MIN(Założenia!$B$11*$B$44,(1-Założenia!$B$12)*$B$44-F41),2),0) -> 0 | H37: =IF(AND(H$5>=Założenia!$L$4,G41<(1-Założenia!$B$12)*$B$44-0.005,Założenia!$B$4*SUMIFS($B$16:$M$16,$B$5:$M$5,"<="&(H$5-1-Założenia!$L$6))>=Założenia!$L$5*G41-0.005),ROUND(MIN(Założenia!$B$11*$B$44,(1-Założenia!$B$12)*$B$44-G41),2),0) -> 0 | I37: =IF(AND(I$5>=Założenia!$L$4,H41<(1-Założenia!$B$12)*$B$44-0.005,Założenia!$B$4*SUMIFS($B$16:$M$16,$B$5:$M$5,"<="&(I$5-1-Założenia!$L$6))>=Założenia!$L$5*H41-0.005),ROUND(MIN(Założenia!$B$11*$B$44,(1-Założenia!$B$12)*$B$44-H41),2),0) -> 29994.01 | J37: =IF(AND(J$5>=Założenia!$L$4,I41<(1-Założenia!$B$12)*$B$44-0.005,Założenia!$B$4*SUMIFS($B$16:$M$16,$B$5:$M$5,"<="&(J$5-1-Założenia!$L$6))>=Założenia!$L$5*I41-0.005),ROUND(MIN(Założenia!$B$11*$B$44,(1-Założenia!$B$12)*$B$44-I41),2),0) -> 0 | ... M37: =IF(AND(M$5>=Założenia!$L$4,L41<(1-Założenia!$B$12)*$B$44-0.005,Założenia!$B$4*SUMIFS($B$16:$M$16,$B$5:$M$5,"<="&(M$5-1-Założenia!$L$6))>=Założenia!$L$5*L41-0.005),ROUND(MIN(Założenia!$B$11*$B$44,(1-Założenia!$B$12)*$B$44-L41),2),0) -> 0 | N37: =$B$44-SUM(B37:M37) -> 89982 | O37: =SUM(B37:N37) -> 599880.03
A38: Skumulowany przepływ netto BEZ pożyczki – scen. 3 | B38: =Założenia!$B$7+B37+B21-B14 -> -32802.6 | C38: =B38+C37+C21-C14 -> -110479.7 | D38: =C38+D37+D21-D14 -> 27645.21 | E38: =D38+E37+E21-E14 -> -40553.69 | F38: =E38+F37+F21-F14 -> 142445.72 | G38: =F38+G37+G21-G14 -> 85493.12 | H38: =G38+H37+H21-H14 -> 28540.52 | I38: =H38+I37+I21-I14 -> 1581.93 | J38: =I38+J37+J21-J14 -> -55370.67 | ... N38: =M38+N37+N21-N14 -> -124746.47
A39: Niewykorzystana zaliczka po wypłacie (scen. 3) | B39: =B42+B37 -> 0 | C39: =C42+C37 -> 0 | D39: =D42+D37 -> 239952.01 | E39: =E42+E37 -> 73756.211 | F39: =F42+F37 -> 257526.67 | G39: =G42+G37 -> 209116.96 | H39: =H42+H37 -> 160707.25 | I39: =I42+I37 -> 142291.55 | ... M39: =M42+M37 -> 0 | N39: 0
A40: Wydatki kwalifikowalne narastająco | B40: =SUM($B16:B16) -> 32802.6 | C40: =SUM($B16:C16) -> 102088.54 | D40: =SUM($B16:D16) -> 195524.47 | E40: =SUM($B16:E16) -> 261620.41 | F40: =SUM($B16:F16) -> 318573.01 | G40: =SUM($B16:G16) -> 375525.61 | H40: =SUM($B16:H16) -> 432478.21 | I40: =SUM($B16:I16) -> 489430.81 | ... N40: =SUM($B16:N16) -> 705741.21
A41: Wpłaty dofinansowania narastająco (scen. 3) | B41: =B37 -> 0 | C41: =B41+C37 -> 0 | D41: =C41+D37 -> 239952.01 | E41: =D41+E37 -> 239952.01 | F41: =E41+F37 -> 479904.02 | G41: =F41+G37 -> 479904.02 | H41: =G41+H37 -> 479904.02 | I41: =H41+I37 -> 509898.03 | J41: =I41+J37 -> 509898.03 | ... N41: =M41+N37 -> 599880.03
A42: Niewykorzystana zaliczka na początek miesiąca (scen. 3) | B42: 0 | C42: =MAX(0,B41-Założenia!$B$4*B40) -> 0 | D42: =MAX(0,C41-Założenia!$B$4*C40) -> 0 | E42: =MAX(0,D41-Założenia!$B$4*D40) -> 73756.211 | F42: =MAX(0,E41-Założenia!$B$4*E40) -> 17574.661 | G42: =MAX(0,F41-Założenia!$B$4*F40) -> 209116.96 | H42: =MAX(0,G41-Założenia!$B$4*G40) -> 160707.25 | I42: =MAX(0,H41-Założenia!$B$4*H40) -> 112297.54 | J42: =MAX(0,I41-Założenia!$B$4*I40) -> 93881.842 | ... N42: =MAX(0,M41-Założenia!$B$4*M40) -> 0
A43: Nr zaliczki (scen. 3) | B43: =IF(B37>0,COUNTIF($B37:B37,">0"),0) -> 0 | C43: =IF(C37>0,COUNTIF($B37:C37,">0"),0) -> 0 | D43: =IF(D37>0,COUNTIF($B37:D37,">0"),0) -> 1 | E43: =IF(E37>0,COUNTIF($B37:E37,">0"),0) -> 0 | F43: =IF(F37>0,COUNTIF($B37:F37,">0"),0) -> 2 | G43: =IF(G37>0,COUNTIF($B37:G37,">0"),0) -> 0 | H43: =IF(H37>0,COUNTIF($B37:H37,">0"),0) -> 0 | I43: =IF(I37>0,COUNTIF($B37:I37,">0"),0) -> 3 | ... M43: =IF(M37>0,COUNTIF($B37:M37,">0"),0) -> 0
A44: Dofinansowanie ogółem (zaokrąglone) | B44: =ROUND(Założenia!$B$4*SUM($B$16:$M$16),2) -> 599880.03
A46: Pożyczka właścicielska jest uruchamiana automatycznie tylko do poziomu niedoboru gotówki (do limitu z Założeń); spłata pożyczek wspólnikom nie jest w modelu (brak informacji we wniosku). Kolumna „Po projekcie” to wpływy po 31.08.2027 (np. rozliczenie ostatniej transzy).

Sheet HP – wzór PARP
A1: Dane do Harmonogramu nr 1 (wzór PARP) – wartości z modelu, scenariusz 3
A2: Numer Projektu | B2: Nazwa realizatora | C2: Rok | D2: Kwartał | E2: Miesiąc | F2: Wydatki kwalifikowalne | G2: Dofinansowanie - zaliczka | H2: Dofinansowanie - refundacja
A3: FEPW.01.01-IP.01-0825/26 | B3: SMART-ELIT SP. Z O.O. | C3: 2026 | D3: 4 | E3: listopad | F3: =SUM(Cashflow!B16:D16) -> 195524.47 | G3: =Cashflow!D37 -> 239952.01 | H3: 0
A4: FEPW.01.01-IP.01-0825/26 | B4: SMART-ELIT SP. Z O.O. | C4: 2026 | D4: 4 | E4: grudzień | F4: =Cashflow!E16 -> 66095.94 | G4: =Cashflow!E37 -> 0 | H4: 0
A5: FEPW.01.01-IP.01-0825/26 | B5: SMART-ELIT SP. Z O.O. | C5: 2027 | D5: 1 | E5: styczeń | F5: =Cashflow!F16 -> 56952.6 | G5: =Cashflow!F37 -> 239952.01 | H5: 0
A6: FEPW.01.01-IP.01-0825/26 | B6: SMART-ELIT SP. Z O.O. | C6: 2027 | D6: 1 | E6: luty | F6: =Cashflow!G16 -> 56952.6 | G6: =Cashflow!G37 -> 0 | H6: 0
A7: FEPW.01.01-IP.01-0825/26 | B7: SMART-ELIT SP. Z O.O. | C7: 2027 | D7: 1 | E7: marzec | F7: =Cashflow!H16 -> 56952.6 | G7: =Cashflow!H37 -> 0 | H7: 0
A8: FEPW.01.01-IP.01-0825/26 | B8: SMART-ELIT SP. Z O.O. | C8: 2027 | D8: 2 | E8: kwiecień | F8: =Cashflow!I16 -> 56952.6 | G8: =Cashflow!I37 -> 29994.01 | H8: 0
A9: FEPW.01.01-IP.01-0825/26 | B9: SMART-ELIT SP. Z O.O. | C9: 2027 | D9: 2 | E9: maj | F9: =Cashflow!J16 -> 56952.6 | G9: =Cashflow!J37 -> 0 | H9: 0
A10: FEPW.01.01-IP.01-0825/26 | B10: SMART-ELIT SP. Z O.O. | C10: 2027 | D10: 2 | E10: czerwiec | F10: =Cashflow!K16 -> 56952.6 | G10: =Cashflow!K37 -> 0 | H10: 0
A11: FEPW.01.01-IP.01-0825/26 | B11: SMART-ELIT SP. Z O.O. | C11: 2027 | D11: 3 | E11: lipiec | F11: =Cashflow!L16 -> 51202.6 | G11: =Cashflow!L37 -> 0 | H11: 0
A12: FEPW.01.01-IP.01-0825/26 | B12: SMART-ELIT SP. Z O.O. | C12: 2027 | D12: 3 | E12: sierpień | F12: =Cashflow!M16 -> 51202.6 | G12: =Cashflow!M37 -> 0 | H12: 0
A13: FEPW.01.01-IP.01-0825/26 | B13: SMART-ELIT SP. Z O.O. | C13: 2027 | D13: 3 | E13: wrzesień | F13: 0 | G13: 0 | H13: =IF(Założenia!$B$10=1,Cashflow!$N$37,0) -> 0
A14: FEPW.01.01-IP.01-0825/26 | B14: SMART-ELIT SP. Z O.O. | C14: 2027 | D14: 4 | E14: październik | F14: 0 | G14: 0 | H14: =IF(Założenia!$B$10=2,Cashflow!$N$37,0) -> 89982
E15: RAZEM | F15: =SUM(F3:F14) -> 705741.21 | G15: =SUM(G3:G14) -> 509898.03 | H15: =SUM(H3:H14) -> 89982
A17: Kontrola: wydatki kwalifikowalne | F17: =ROUND(F15-Cashflow!O16,2) -> 0 | G17: =IF(ABS(F17)<=0.05,"OK","SPRAWDŹ") -> OK
A18: Kontrola: zaliczki + refundacja = dofinansowanie | F18: =ROUND(G15+H15-Cashflow!B44,2) -> 0 | G18: =IF(ABS(F18)<=0.05,"OK","SPRAWDŹ") -> OK
A20: Wzór PARP zaczyna się od listopada 2026 – wydatki z wrz–paź 2026 ujęto w wierszu „listopad”. Płatność końcowa w „wrzesień/październik 2027” zależy od Założenia!B10 (1 lub 2). Wartości zostały przeniesione do osobnego pliku według wzoru.
