Workbook

Sheet Podsumowanie
A1: Wniosek o płatność – PODSUMOWANIE (PDF str. 27–34)
A2: Dochód (str. 26): kwota pomniejszająca wydatki kwalifikowalne = 0,00; kwota pomniejszająca dofinansowanie = 0,00. Dane wpisane z PDF (niebieski); kolumny G–H to formuły.
A4: Pozycja budżetowa | B4: Rodzaj | C4: Wydatki bieżące | D4: Wydatki narastająco | E4: Wydatki w projekcie | F4: % realizacji (PDF) | G4: % realizacji (wyliczone) | H4: Różnica %
A5: Zadanie 1. Opracowanie narzędzi i przeprowadzenie badań w celu parametryzacji obrazów - B + R | B5: Ogółem | C5: 0 | D5: 807424.87 | E5: 868383.93 | F5: 92.98 | G5: =IF(E5=0,0,D5/E5*100) -> 92.980172 | H5: =ROUND(G5-F5,2) -> 0
B6: Kwalifikowalne | C6: 0 | D6: 807424.87 | E6: 868383.93 | F6: 92.98 | G6: =IF(E6=0,0,D6/E6*100) -> 92.980172 | H6: =ROUND(G6-F6,2) -> 0
B7: Dofinansowanie | C7: 0 | D7: 645939.9 | E7: 694707.14 | F7: 92.98 | G7: =IF(E7=0,0,D7/E7*100) -> 92.980173 | H7: =ROUND(G7-F7,2) -> 0
A8: 1.1 Personel projektu - Ekspert AI | B8: Ogółem | C8: 0 | D8: 277000 | E8: 277000 | F8: 100 | G8: =IF(E8=0,0,D8/E8*100) -> 100 | H8: =ROUND(G8-F8,2) -> 0
B9: Kwalifikowalne | C9: 0 | D9: 277000 | E9: 277000 | F9: 100 | G9: =IF(E9=0,0,D9/E9*100) -> 100 | H9: =ROUND(G9-F9,2) -> 0
B10: Dofinansowanie | C10: 0 | D10: 221600 | E10: 221600 | F10: 100 | G10: =IF(E10=0,0,D10/E10*100) -> 100 | H10: =ROUND(G10-F10,2) -> 0
A11: 1.2 Personel projektu - Big Data Engineer | B11: Ogółem | C11: 0 | D11: 94300 | E11: 94300 | F11: 100 | G11: =IF(E11=0,0,D11/E11*100) -> 100 | H11: =ROUND(G11-F11,2) -> 0
B12: Kwalifikowalne | C12: 0 | D12: 94300 | E12: 94300 | F12: 100 | G12: =IF(E12=0,0,D12/E12*100) -> 100 | H12: =ROUND(G12-F12,2) -> 0
B13: Dofinansowanie | C13: 0 | D13: 75440 | E13: 75440 | F13: 100 | G13: =IF(E13=0,0,D13/E13*100) -> 100 | H13: =ROUND(G13-F13,2) -> 0
A14: 1.3 Personel projektu - Ekspert ds. psychometrii | B14: Ogółem | C14: 0 | D14: 121994.98 | E14: 135550 | F14: 90 | G14: =IF(E14=0,0,D14/E14*100) -> 89.999985 | H14: =ROUND(G14-F14,2) -> 0
B15: Kwalifikowalne | C15: 0 | D15: 121994.98 | E15: 135550 | F15: 90 | G15: =IF(E15=0,0,D15/E15*100) -> 89.999985 | H15: =ROUND(G15-F15,2) -> 0
B16: Dofinansowanie | C16: 0 | D16: 97595.98 | E16: 108440 | F16: 90 | G16: =IF(E16=0,0,D16/E16*100) -> 89.999982 | H16: =ROUND(G16-F16,2) -> 0
A17: 1.4 Personel projektu - Senior Developer | B17: Ogółem | C17: 0 | D17: 50828.54 | E17: 51562.5 | F17: 98.58 | G17: =IF(E17=0,0,D17/E17*100) -> 98.576562 | H17: =ROUND(G17-F17,2) -> 0
B18: Kwalifikowalne | C18: 0 | D18: 50828.54 | E18: 51562.5 | F18: 98.58 | G18: =IF(E18=0,0,D18/E18*100) -> 98.576562 | H18: =ROUND(G18-F18,2) -> 0
B19: Dofinansowanie | C19: 0 | D19: 40662.83 | E19: 41250 | F19: 98.58 | G19: =IF(E19=0,0,D19/E19*100) -> 98.576558 | H19: =ROUND(G19-F19,2) -> 0
A20: 1.5 Personel projektu - Automation QA Engineer | B20: Ogółem | C20: 0 | D20: 34550.27 | E20: 37200 | F20: 92.88 | G20: =IF(E20=0,0,D20/E20*100) -> 92.87707 | H20: =ROUND(G20-F20,2) -> 0
B21: Kwalifikowalne | C21: 0 | D21: 34550.27 | E21: 37200 | F21: 92.88 | G21: =IF(E21=0,0,D21/E21*100) -> 92.87707 | H21: =ROUND(G21-F21,2) -> 0
B22: Dofinansowanie | C22: 0 | D22: 27640.23 | E22: 29760 | F22: 92.88 | G22: =IF(E22=0,0,D22/E22*100) -> 92.877117 | H22: =ROUND(G22-F22,2) -> 0
A23: 1.6 Personel projektu - Grafik-Ilustrator | B23: Ogółem | C23: 0 | D23: 24600 | E23: 67325 | F23: 36.54 | G23: =IF(E23=0,0,D23/E23*100) -> 36.539176 | H23: =ROUND(G23-F23,2) -> 0
B24: Kwalifikowalne | C24: 0 | D24: 24600 | E24: 67325 | F24: 36.54 | G24: =IF(E24=0,0,D24/E24*100) -> 36.539176 | H24: =ROUND(G24-F24,2) -> 0
B25: Dofinansowanie | C25: 0 | D25: 19680 | E25: 53860 | F25: 36.54 | G25: =IF(E25=0,0,D25/E25*100) -> 36.539176 | H25: =ROUND(G25-F25,2) -> 0
A26: 1.7 Personel projektu - Analityk danych | B26: Ogółem | C26: 0 | D26: 103125 | E26: 103125 | F26: 100 | G26: =IF(E26=0,0,D26/E26*100) -> 100 | H26: =ROUND(G26-F26,2) -> 0
B27: Kwalifikowalne | C27: 0 | D27: 103125 | E27: 103125 | F27: 100 | G27: =IF(E27=0,0,D27/E27*100) -> 100 | H27: =ROUND(G27-F27,2) -> 0
B28: Dofinansowanie | C28: 0 | D28: 82500 | E28: 82500 | F28: 100 | G28: =IF(E28=0,0,D28/E28*100) -> 100 | H28: =ROUND(G28-F28,2) -> 0
A29: 1.8 Amortyzacja - Laptopy dla inżynierów AI | B29: Ogółem | C29: 0 | D29: 2276.08 | E29: 3571.43 | F29: 63.73 | G29: =IF(E29=0,0,D29/E29*100) -> 63.730215 | H29: =ROUND(G29-F29,2) -> 0
B30: Kwalifikowalne | C30: 0 | D30: 2276.08 | E30: 3571.43 | F30: 63.73 | G30: =IF(E30=0,0,D30/E30*100) -> 63.730215 | H30: =ROUND(G30-F30,2) -> 0
B31: Dofinansowanie | C31: 0 | D31: 1820.86 | E31: 2857.14 | F31: 63.73 | G31: =IF(E31=0,0,D31/E31*100) -> 63.730164 | H31: =ROUND(G31-F31,2) -> 0
A32: 1.9 Personel projektu - Architekt rozwiązań chmurowych | B32: Ogółem | C32: 0 | D32: 98750 | E32: 98750 | F32: 100 | G32: =IF(E32=0,0,D32/E32*100) -> 100 | H32: =ROUND(G32-F32,2) -> 0
B33: Kwalifikowalne | C33: 0 | D33: 98750 | E33: 98750 | F33: 100 | G33: =IF(E33=0,0,D33/E33*100) -> 100 | H33: =ROUND(G33-F33,2) -> 0
B34: Dofinansowanie | C34: 0 | D34: 79000 | E34: 79000 | F34: 100 | G34: =IF(E34=0,0,D34/E34*100) -> 100 | H34: =ROUND(G34-F34,2) -> 0
A35: Zadanie 2. Opracowanie i przebadanie prototypowej wersji metody - B + R | B35: Ogółem | C35: 335904.98 | D35: 1008769.3 | E35: 1226935.7 | F35: 82.22 | G35: =IF(E35=0,0,D35/E35*100) -> 82.218594 | H35: =ROUND(G35-F35,2) -> 0
B36: Kwalifikowalne | C36: 335904.98 | D36: 842569.29 | E36: 1203935.7 | F36: 69.98 | G36: =IF(E36=0,0,D36/E36*100) -> 69.984575 | H36: =ROUND(G36-F36,2) -> 0
B37: Dofinansowanie | C37: 268723.98 | D37: 674055.43 | E37: 963148.56 | F37: 69.98 | G37: =IF(E37=0,0,D37/E37*100) -> 69.984575 | H37: =ROUND(G37-F37,2) -> 0
A38: 2.1 Personel projektu - Ekspert AI | B38: Ogółem | C38: 110800 | D38: 332400 | E38: 332400 | F38: 100 | G38: =IF(E38=0,0,D38/E38*100) -> 100 | H38: =ROUND(G38-F38,2) -> 0
B39: Kwalifikowalne | C39: 110800 | D39: 166200 | E39: 332400 | F39: 50 | G39: =IF(E39=0,0,D39/E39*100) -> 50 | H39: =ROUND(G39-F39,2) -> 0
B40: Dofinansowanie | C40: 88640 | D40: 132960 | E40: 265920 | F40: 50 | G40: =IF(E40=0,0,D40/E40*100) -> 50 | H40: =ROUND(G40-F40,2) -> 0
A41: 2.2 Personel projektu - Big Data Engineer | B41: Ogółem | C41: 37720 | D41: 113168.16 | E41: 113160 | F41: 100.01 | G41: =IF(E41=0,0,D41/E41*100) -> 100.00721 | H41: =ROUND(G41-F41,2) -> 0
B42: Kwalifikowalne | C42: 37720 | D42: 113168.16 | E42: 113160 | F42: 100.01 | G42: =IF(E42=0,0,D42/E42*100) -> 100.00721 | H42: =ROUND(G42-F42,2) -> 0
B43: Dofinansowanie | C43: 30176 | D43: 90534.53 | E43: 90528 | F43: 100.01 | G43: =IF(E43=0,0,D43/E43*100) -> 100.00721 | H43: =ROUND(G43-F43,2) -> 0
A44: 2.3 Personel projektu - Ekspert ds. psychometrii | B44: Ogółem | C44: 40664.98 | D44: 121024.78 | E44: 162660 | F44: 74.4 | G44: =IF(E44=0,0,D44/E44*100) -> 74.403529 | H44: =ROUND(G44-F44,2) -> 0
B45: Kwalifikowalne | C45: 40664.98 | D45: 121024.78 | E45: 162660 | F45: 74.4 | G45: =IF(E45=0,0,D45/E45*100) -> 74.403529 | H45: =ROUND(G45-F45,2) -> 0
B46: Dofinansowanie | C46: 32531.98 | D46: 96819.8 | E46: 130128 | F46: 74.4 | G46: =IF(E46=0,0,D46/E46*100) -> 74.40351 | H46: =ROUND(G46-F46,2) -> 0
A47: 2.4 Personel projektu - Senior Developer | B47: Ogółem | C47: 41250 | D47: 123750 | E47: 123750 | F47: 100 | G47: =IF(E47=0,0,D47/E47*100) -> 100 | H47: =ROUND(G47-F47,2) -> 0
B48: Kwalifikowalne | C48: 41250 | D48: 123750 | E48: 123750 | F48: 100 | G48: =IF(E48=0,0,D48/E48*100) -> 100 | H48: =ROUND(G48-F48,2) -> 0
B49: Dofinansowanie | C49: 33000 | D49: 99000 | E49: 99000 | F49: 100 | G49: =IF(E49=0,0,D49/E49*100) -> 100 | H49: =ROUND(G49-F49,2) -> 0
A50: 2.5 Personel projektu - Automation QA Engineer | B50: Ogółem | C50: 14880 | D50: 44388.77 | E50: 44640 | F50: 99.44 | G50: =IF(E50=0,0,D50/E50*100) -> 99.437209 | H50: =ROUND(G50-F50,2) -> 0
B51: Kwalifikowalne | C51: 14880 | D51: 44388.77 | E51: 44640 | F51: 99.44 | G51: =IF(E51=0,0,D51/E51*100) -> 99.437209 | H51: =ROUND(G51-F51,2) -> 0
B52: Dofinansowanie | C52: 11904 | D52: 35511.02 | E52: 35712 | F52: 99.44 | G52: =IF(E52=0,0,D52/E52*100) -> 99.43722 | H52: =ROUND(G52-F52,2) -> 0
A53: 2.6 Personel projektu - Analityk danych | B53: Ogółem | C53: 41250 | D53: 123750 | E53: 123750 | F53: 100 | G53: =IF(E53=0,0,D53/E53*100) -> 100 | H53: =ROUND(G53-F53,2) -> 0
B54: Kwalifikowalne | C54: 41250 | D54: 123750 | E54: 123750 | F54: 100 | G54: =IF(E54=0,0,D54/E54*100) -> 100 | H54: =ROUND(G54-F54,2) -> 0
B55: Dofinansowanie | C55: 33000 | D55: 99000 | E55: 99000 | F55: 100 | G55: =IF(E55=0,0,D55/E55*100) -> 100 | H55: =ROUND(G55-F55,2) -> 0
A56: 2.7 Personel projektu - Grafik-Ilustrator | B56: Ogółem | C56: 9840 | D56: 29517.79 | E56: 80790 | F56: 36.54 | G56: =IF(E56=0,0,D56/E56*100) -> 36.53644 | H56: =ROUND(G56-F56,2) -> 0
B57: Kwalifikowalne | C57: 9840 | D57: 29517.79 | E57: 80790 | F57: 36.54 | G57: =IF(E57=0,0,D57/E57*100) -> 36.53644 | H57: =ROUND(G57-F57,2) -> 0
B58: Dofinansowanie | C58: 7872 | D58: 23614.23 | E58: 64632 | F58: 36.54 | G58: =IF(E58=0,0,D58/E58*100) -> 36.536437 | H58: =ROUND(G58-F58,2) -> 0
A59: 2.8 Wartości niematerialne i prawne - Licencje psychometrycznego narzędzia referencyjnego | B59: Ogółem | C59: 0 | D59: 0 | E59: 123000 | F59: 0 | G59: =IF(E59=0,0,D59/E59*100) -> 0 | H59: =ROUND(G59-F59,2) -> 0
B60: Kwalifikowalne | C60: 0 | D60: 0 | E60: 100000 | F60: 0 | G60: =IF(E60=0,0,D60/E60*100) -> 0 | H60: =ROUND(G60-F60,2) -> 0
B61: Dofinansowanie | C61: 0 | D61: 0 | E61: 80000 | F61: 0 | G61: =IF(E61=0,0,D61/E61*100) -> 0 | H61: =ROUND(G61-F61,2) -> 0
A62: 2.9 Amortyzacja - Laptopy dla inżynierów AI | B62: Ogółem | C62: 0 | D62: 2276.08 | E62: 4285.71 | F62: 53.11 | G62: =IF(E62=0,0,D62/E62*100) -> 53.108586 | H62: =ROUND(G62-F62,2) -> 0
B63: Kwalifikowalne | C63: 0 | D63: 2276.08 | E63: 4285.71 | F63: 53.11 | G63: =IF(E63=0,0,D63/E63*100) -> 53.108586 | H63: =ROUND(G63-F63,2) -> 0
B64: Dofinansowanie | C64: 0 | D64: 1820.88 | E64: 3428.56 | F64: 53.11 | G64: =IF(E64=0,0,D64/E64*100) -> 53.109177 | H64: =ROUND(G64-F64,2) -> 0
A65: 2.10 Personel projektu - Architekt rozwiązań chmurowych | B65: Ogółem | C65: 39500 | D65: 118493.71 | E65: 118500 | F65: 99.99 | G65: =IF(E65=0,0,D65/E65*100) -> 99.994692 | H65: =ROUND(G65-F65,2) -> 0
B66: Kwalifikowalne | C66: 39500 | D66: 118493.71 | E66: 118500 | F66: 99.99 | G66: =IF(E66=0,0,D66/E66*100) -> 99.994692 | H66: =ROUND(G66-F66,2) -> 0
B67: Dofinansowanie | C67: 31600 | D67: 94794.97 | E67: 94800 | F67: 99.99 | G67: =IF(E67=0,0,D67/E67*100) -> 99.994694 | H67: =ROUND(G67-F67,2) -> 0
A68: Zadanie 3. Opracowanie i weryfikacja reprezentatywnego modelu systemu - B + R | B68: Ogółem | C68: 0 | D68: 0 | E68: 1103935.7 | F68: 0 | G68: =IF(E68=0,0,D68/E68*100) -> 0 | H68: =ROUND(G68-F68,2) -> 0
B69: Kwalifikowalne | C69: 0 | D69: 0 | E69: 1103935.7 | F69: 0 | G69: =IF(E69=0,0,D69/E69*100) -> 0 | H69: =ROUND(G69-F69,2) -> 0
B70: Dofinansowanie | C70: 0 | D70: 0 | E70: 883148.56 | F70: 0 | G70: =IF(E70=0,0,D70/E70*100) -> 0 | H70: =ROUND(G70-F70,2) -> 0
A71: 3.1 Personel projektu - Ekspert AI | B71: Ogółem | C71: 0 | D71: 0 | E71: 332400 | F71: 0 | G71: =IF(E71=0,0,D71/E71*100) -> 0 | H71: =ROUND(G71-F71,2) -> 0
B72: Kwalifikowalne | C72: 0 | D72: 0 | E72: 332400 | F72: 0 | G72: =IF(E72=0,0,D72/E72*100) -> 0 | H72: =ROUND(G72-F72,2) -> 0
B73: Dofinansowanie | C73: 0 | D73: 0 | E73: 265920 | F73: 0 | G73: =IF(E73=0,0,D73/E73*100) -> 0 | H73: =ROUND(G73-F73,2) -> 0
A74: 3.2 Personel projektu - Big Data Engineer | B74: Ogółem | C74: 0 | D74: 0 | E74: 113160 | F74: 0 | G74: =IF(E74=0,0,D74/E74*100) -> 0 | H74: =ROUND(G74-F74,2) -> 0
B75: Kwalifikowalne | C75: 0 | D75: 0 | E75: 113160 | F75: 0 | G75: =IF(E75=0,0,D75/E75*100) -> 0 | H75: =ROUND(G75-F75,2) -> 0
B76: Dofinansowanie | C76: 0 | D76: 0 | E76: 90528 | F76: 0 | G76: =IF(E76=0,0,D76/E76*100) -> 0 | H76: =ROUND(G76-F76,2) -> 0
A77: 3.3 Personel projektu - Ekspert ds. psychometrii | B77: Ogółem | C77: 0 | D77: 0 | E77: 162660 | F77: 0 | G77: =IF(E77=0,0,D77/E77*100) -> 0 | H77: =ROUND(G77-F77,2) -> 0
B78: Kwalifikowalne | C78: 0 | D78: 0 | E78: 162660 | F78: 0 | G78: =IF(E78=0,0,D78/E78*100) -> 0 | H78: =ROUND(G78-F78,2) -> 0
B79: Dofinansowanie | C79: 0 | D79: 0 | E79: 130128 | F79: 0 | G79: =IF(E79=0,0,D79/E79*100) -> 0 | H79: =ROUND(G79-F79,2) -> 0
A80: 3.4 Personel projektu - Senior Developer | B80: Ogółem | C80: 0 | D80: 0 | E80: 123750 | F80: 0 | G80: =IF(E80=0,0,D80/E80*100) -> 0 | H80: =ROUND(G80-F80,2) -> 0
B81: Kwalifikowalne | C81: 0 | D81: 0 | E81: 123750 | F81: 0 | G81: =IF(E81=0,0,D81/E81*100) -> 0 | H81: =ROUND(G81-F81,2) -> 0
B82: Dofinansowanie | C82: 0 | D82: 0 | E82: 99000 | F82: 0 | G82: =IF(E82=0,0,D82/E82*100) -> 0 | H82: =ROUND(G82-F82,2) -> 0
A83: 3.5 Personel projektu - Automation QA Engineer | B83: Ogółem | C83: 0 | D83: 0 | E83: 44640 | F83: 0 | G83: =IF(E83=0,0,D83/E83*100) -> 0 | H83: =ROUND(G83-F83,2) -> 0
B84: Kwalifikowalne | C84: 0 | D84: 0 | E84: 44640 | F84: 0 | G84: =IF(E84=0,0,D84/E84*100) -> 0 | H84: =ROUND(G84-F84,2) -> 0
B85: Dofinansowanie | C85: 0 | D85: 0 | E85: 35712 | F85: 0 | G85: =IF(E85=0,0,D85/E85*100) -> 0 | H85: =ROUND(G85-F85,2) -> 0
A86: 3.6 Personel projektu - Analityk danych | B86: Ogółem | C86: 0 | D86: 0 | E86: 123750 | F86: 0 | G86: =IF(E86=0,0,D86/E86*100) -> 0 | H86: =ROUND(G86-F86,2) -> 0
B87: Kwalifikowalne | C87: 0 | D87: 0 | E87: 123750 | F87: 0 | G87: =IF(E87=0,0,D87/E87*100) -> 0 | H87: =ROUND(G87-F87,2) -> 0
B88: Dofinansowanie | C88: 0 | D88: 0 | E88: 99000 | F88: 0 | G88: =IF(E88=0,0,D88/E88*100) -> 0 | H88: =ROUND(G88-F88,2) -> 0
A89: 3.7 Personel projektu - Grafik-Ilustrator | B89: Ogółem | C89: 0 | D89: 0 | E89: 80790 | F89: 0 | G89: =IF(E89=0,0,D89/E89*100) -> 0 | H89: =ROUND(G89-F89,2) -> 0
B90: Kwalifikowalne | C90: 0 | D90: 0 | E90: 80790 | F90: 0 | G90: =IF(E90=0,0,D90/E90*100) -> 0 | H90: =ROUND(G90-F90,2) -> 0
B91: Dofinansowanie | C91: 0 | D91: 0 | E91: 64632 | F91: 0 | G91: =IF(E91=0,0,D91/E91*100) -> 0 | H91: =ROUND(G91-F91,2) -> 0
A92: 3.8 Amortyzacja - Laptopy dla inżynierów AI | B92: Ogółem | C92: 0 | D92: 0 | E92: 4285.71 | F92: 0 | G92: =IF(E92=0,0,D92/E92*100) -> 0 | H92: =ROUND(G92-F92,2) -> 0
B93: Kwalifikowalne | C93: 0 | D93: 0 | E93: 4285.71 | F93: 0 | G93: =IF(E93=0,0,D93/E93*100) -> 0 | H93: =ROUND(G93-F93,2) -> 0
B94: Dofinansowanie | C94: 0 | D94: 0 | E94: 3428.56 | F94: 0 | G94: =IF(E94=0,0,D94/E94*100) -> 0 | H94: =ROUND(G94-F94,2) -> 0
A95: 3.9 Personel projektu - Architekt rozwiązań chmurowych | B95: Ogółem | C95: 0 | D95: 0 | E95: 118500 | F95: 0 | G95: =IF(E95=0,0,D95/E95*100) -> 0 | H95: =ROUND(G95-F95,2) -> 0
B96: Kwalifikowalne | C96: 0 | D96: 0 | E96: 118500 | F96: 0 | G96: =IF(E96=0,0,D96/E96*100) -> 0 | H96: =ROUND(G96-F96,2) -> 0
B97: Dofinansowanie | C97: 0 | D97: 0 | E97: 94800 | F97: 0 | G97: =IF(E97=0,0,D97/E97*100) -> 0 | H97: =ROUND(G97-F97,2) -> 0
A98: Zadanie 4. Opracowanie i walidacja docelowej wersji systemu - B + R | B98: Ogółem | C98: 0 | D98: 0 | E98: 698237.14 | F98: 0 | G98: =IF(E98=0,0,D98/E98*100) -> 0 | H98: =ROUND(G98-F98,2) -> 0
B99: Kwalifikowalne | C99: 0 | D99: 0 | E99: 698237.14 | F99: 0 | G99: =IF(E99=0,0,D99/E99*100) -> 0 | H99: =ROUND(G99-F99,2) -> 0
B100: Dofinansowanie | C100: 0 | D100: 0 | E100: 418942.28 | F100: 0 | G100: =IF(E100=0,0,D100/E100*100) -> 0 | H100: =ROUND(G100-F100,2) -> 0
A101: 4.1 Personel projektu - AI Engineer | B101: Ogółem | C101: 0 | D101: 0 | E101: 221600 | F101: 0 | G101: =IF(E101=0,0,D101/E101*100) -> 0 | H101: =ROUND(G101-F101,2) -> 0
...

Sheet Kontrola
A1: Kontrola arytmetyczna (formuły) – tolerancja 0,02 zł
A2: Kontrola | B2: Rodzaj | C2: Kolumna | D2: Wartość z PDF | E2: Wyliczone z pozycji | F2: Różnica | G2: Status
A3: Zadanie 1 = suma pozycji 1.x | B3: Ogółem | C3: bieżące | D3: =Podsumowanie!C5 -> 0 | E3: =Podsumowanie!C8+Podsumowanie!C11+Podsumowanie!C14+Podsumowanie!C17+Podsumowanie!C20+Podsumowanie!C23+Podsumowanie!C26+Podsumowanie!C29+Podsumowanie!C32 -> 0 | F3: =ROUND(D3-E3,2) -> 0 | G3: =IF(ABS(F3)<=0.02,"OK","BŁĄD") -> OK
A4: Zadanie 1 = suma pozycji 1.x | B4: Ogółem | C4: narastająco | D4: =Podsumowanie!D5 -> 807424.87 | E4: =Podsumowanie!D8+Podsumowanie!D11+Podsumowanie!D14+Podsumowanie!D17+Podsumowanie!D20+Podsumowanie!D23+Podsumowanie!D26+Podsumowanie!D29+Podsumowanie!D32 -> 807424.87 | F4: =ROUND(D4-E4,2) -> 0 | G4: =IF(ABS(F4)<=0.02,"OK","BŁĄD") -> OK
A5: Zadanie 1 = suma pozycji 1.x | B5: Ogółem | C5: w projekcie | D5: =Podsumowanie!E5 -> 868383.93 | E5: =Podsumowanie!E8+Podsumowanie!E11+Podsumowanie!E14+Podsumowanie!E17+Podsumowanie!E20+Podsumowanie!E23+Podsumowanie!E26+Podsumowanie!E29+Podsumowanie!E32 -> 868383.93 | F5: =ROUND(D5-E5,2) -> 0 | G5: =IF(ABS(F5)<=0.02,"OK","BŁĄD") -> OK
A6: Zadanie 1 = suma pozycji 1.x | B6: Kwalifikowalne | C6: bieżące | D6: =Podsumowanie!C6 -> 0 | E6: =Podsumowanie!C9+Podsumowanie!C12+Podsumowanie!C15+Podsumowanie!C18+Podsumowanie!C21+Podsumowanie!C24+Podsumowanie!C27+Podsumowanie!C30+Podsumowanie!C33 -> 0 | F6: =ROUND(D6-E6,2) -> 0 | G6: =IF(ABS(F6)<=0.02,"OK","BŁĄD") -> OK
A7: Zadanie 1 = suma pozycji 1.x | B7: Kwalifikowalne | C7: narastająco | D7: =Podsumowanie!D6 -> 807424.87 | E7: =Podsumowanie!D9+Podsumowanie!D12+Podsumowanie!D15+Podsumowanie!D18+Podsumowanie!D21+Podsumowanie!D24+Podsumowanie!D27+Podsumowanie!D30+Podsumowanie!D33 -> 807424.87 | F7: =ROUND(D7-E7,2) -> 0 | G7: =IF(ABS(F7)<=0.02,"OK","BŁĄD") -> OK
A8: Zadanie 1 = suma pozycji 1.x | B8: Kwalifikowalne | C8: w projekcie | D8: =Podsumowanie!E6 -> 868383.93 | E8: =Podsumowanie!E9+Podsumowanie!E12+Podsumowanie!E15+Podsumowanie!E18+Podsumowanie!E21+Podsumowanie!E24+Podsumowanie!E27+Podsumowanie!E30+Podsumowanie!E33 -> 868383.93 | F8: =ROUND(D8-E8,2) -> 0 | G8: =IF(ABS(F8)<=0.02,"OK","BŁĄD") -> OK
A9: Zadanie 1 = suma pozycji 1.x | B9: Dofinansowanie | C9: bieżące | D9: =Podsumowanie!C7 -> 0 | E9: =Podsumowanie!C10+Podsumowanie!C13+Podsumowanie!C16+Podsumowanie!C19+Podsumowanie!C22+Podsumowanie!C25+Podsumowanie!C28+Podsumowanie!C31+Podsumowanie!C34 -> 0 | F9: =ROUND(D9-E9,2) -> 0 | G9: =IF(ABS(F9)<=0.02,"OK","BŁĄD") -> OK
A10: Zadanie 1 = suma pozycji 1.x | B10: Dofinansowanie | C10: narastająco | D10: =Podsumowanie!D7 -> 645939.9 | E10: =Podsumowanie!D10+Podsumowanie!D13+Podsumowanie!D16+Podsumowanie!D19+Podsumowanie!D22+Podsumowanie!D25+Podsumowanie!D28+Podsumowanie!D31+Podsumowanie!D34 -> 645939.9 | F10: =ROUND(D10-E10,2) -> 0 | G10: =IF(ABS(F10)<=0.02,"OK","BŁĄD") -> OK
A11: Zadanie 1 = suma pozycji 1.x | B11: Dofinansowanie | C11: w projekcie | D11: =Podsumowanie!E7 -> 694707.14 | E11: =Podsumowanie!E10+Podsumowanie!E13+Podsumowanie!E16+Podsumowanie!E19+Podsumowanie!E22+Podsumowanie!E25+Podsumowanie!E28+Podsumowanie!E31+Podsumowanie!E34 -> 694707.14 | F11: =ROUND(D11-E11,2) -> 0 | G11: =IF(ABS(F11)<=0.02,"OK","BŁĄD") -> OK
A12: Zadanie 2 = suma pozycji 2.x | B12: Ogółem | C12: bieżące | D12: =Podsumowanie!C35 -> 335904.98 | E12: =Podsumowanie!C38+Podsumowanie!C41+Podsumowanie!C44+Podsumowanie!C47+Podsumowanie!C50+Podsumowanie!C53+Podsumowanie!C56+Podsumowanie!C59+Podsumowanie!C62+Podsumowanie!C65 -> 335904.98 | F12: =ROUND(D12-E12,2) -> 0 | G12: =IF(ABS(F12)<=0.02,"OK","BŁĄD") -> OK
A13: Zadanie 2 = suma pozycji 2.x | B13: Ogółem | C13: narastająco | D13: =Podsumowanie!D35 -> 1008769.3 | E13: =Podsumowanie!D38+Podsumowanie!D41+Podsumowanie!D44+Podsumowanie!D47+Podsumowanie!D50+Podsumowanie!D53+Podsumowanie!D56+Podsumowanie!D59+Podsumowanie!D62+Podsumowanie!D65 -> 1008769.3 | F13: =ROUND(D13-E13,2) -> 0 | G13: =IF(ABS(F13)<=0.02,"OK","BŁĄD") -> OK
A14: Zadanie 2 = suma pozycji 2.x | B14: Ogółem | C14: w projekcie | D14: =Podsumowanie!E35 -> 1226935.7 | E14: =Podsumowanie!E38+Podsumowanie!E41+Podsumowanie!E44+Podsumowanie!E47+Podsumowanie!E50+Podsumowanie!E53+Podsumowanie!E56+Podsumowanie!E59+Podsumowanie!E62+Podsumowanie!E65 -> 1226935.7 | F14: =ROUND(D14-E14,2) -> 0 | G14: =IF(ABS(F14)<=0.02,"OK","BŁĄD") -> OK
A15: Zadanie 2 = suma pozycji 2.x | B15: Kwalifikowalne | C15: bieżące | D15: =Podsumowanie!C36 -> 335904.98 | E15: =Podsumowanie!C39+Podsumowanie!C42+Podsumowanie!C45+Podsumowanie!C48+Podsumowanie!C51+Podsumowanie!C54+Podsumowanie!C57+Podsumowanie!C60+Podsumowanie!C63+Podsumowanie!C66 -> 335904.98 | F15: =ROUND(D15-E15,2) -> 0 | G15: =IF(ABS(F15)<=0.02,"OK","BŁĄD") -> OK
A16: Zadanie 2 = suma pozycji 2.x | B16: Kwalifikowalne | C16: narastająco | D16: =Podsumowanie!D36 -> 842569.29 | E16: =Podsumowanie!D39+Podsumowanie!D42+Podsumowanie!D45+Podsumowanie!D48+Podsumowanie!D51+Podsumowanie!D54+Podsumowanie!D57+Podsumowanie!D60+Podsumowanie!D63+Podsumowanie!D66 -> 842569.29 | F16: =ROUND(D16-E16,2) -> 0 | G16: =IF(ABS(F16)<=0.02,"OK","BŁĄD") -> OK
A17: Zadanie 2 = suma pozycji 2.x | B17: Kwalifikowalne | C17: w projekcie | D17: =Podsumowanie!E36 -> 1203935.7 | E17: =Podsumowanie!E39+Podsumowanie!E42+Podsumowanie!E45+Podsumowanie!E48+Podsumowanie!E51+Podsumowanie!E54+Podsumowanie!E57+Podsumowanie!E60+Podsumowanie!E63+Podsumowanie!E66 -> 1203935.7 | F17: =ROUND(D17-E17,2) -> 0 | G17: =IF(ABS(F17)<=0.02,"OK","BŁĄD") -> OK
A18: Zadanie 2 = suma pozycji 2.x | B18: Dofinansowanie | C18: bieżące | D18: =Podsumowanie!C37 -> 268723.98 | E18: =Podsumowanie!C40+Podsumowanie!C43+Podsumowanie!C46+Podsumowanie!C49+Podsumowanie!C52+Podsumowanie!C55+Podsumowanie!C58+Podsumowanie!C61+Podsumowanie!C64+Podsumowanie!C67 -> 268723.98 | F18: =ROUND(D18-E18,2) -> 0 | G18: =IF(ABS(F18)<=0.02,"OK","BŁĄD") -> OK
A19: Zadanie 2 = suma pozycji 2.x | B19: Dofinansowanie | C19: narastająco | D19: =Podsumowanie!D37 -> 674055.43 | E19: =Podsumowanie!D40+Podsumowanie!D43+Podsumowanie!D46+Podsumowanie!D49+Podsumowanie!D52+Podsumowanie!D55+Podsumowanie!D58+Podsumowanie!D61+Podsumowanie!D64+Podsumowanie!D67 -> 674055.43 | F19: =ROUND(D19-E19,2) -> 0 | G19: =IF(ABS(F19)<=0.02,"OK","BŁĄD") -> OK
A20: Zadanie 2 = suma pozycji 2.x | B20: Dofinansowanie | C20: w projekcie | D20: =Podsumowanie!E37 -> 963148.56 | E20: =Podsumowanie!E40+Podsumowanie!E43+Podsumowanie!E46+Podsumowanie!E49+Podsumowanie!E52+Podsumowanie!E55+Podsumowanie!E58+Podsumowanie!E61+Podsumowanie!E64+Podsumowanie!E67 -> 963148.56 | F20: =ROUND(D20-E20,2) -> 0 | G20: =IF(ABS(F20)<=0.02,"OK","BŁĄD") -> OK
A21: Zadanie 3 = suma pozycji 3.x | B21: Ogółem | C21: bieżące | D21: =Podsumowanie!C68 -> 0 | E21: =Podsumowanie!C71+Podsumowanie!C74+Podsumowanie!C77+Podsumowanie!C80+Podsumowanie!C83+Podsumowanie!C86+Podsumowanie!C89+Podsumowanie!C92+Podsumowanie!C95 -> 0 | F21: =ROUND(D21-E21,2) -> 0 | G21: =IF(ABS(F21)<=0.02,"OK","BŁĄD") -> OK
A22: Zadanie 3 = suma pozycji 3.x | B22: Ogółem | C22: narastająco | D22: =Podsumowanie!D68 -> 0 | E22: =Podsumowanie!D71+Podsumowanie!D74+Podsumowanie!D77+Podsumowanie!D80+Podsumowanie!D83+Podsumowanie!D86+Podsumowanie!D89+Podsumowanie!D92+Podsumowanie!D95 -> 0 | F22: =ROUND(D22-E22,2) -> 0 | G22: =IF(ABS(F22)<=0.02,"OK","BŁĄD") -> OK
A23: Zadanie 3 = suma pozycji 3.x | B23: Ogółem | C23: w projekcie | D23: =Podsumowanie!E68 -> 1103935.7 | E23: =Podsumowanie!E71+Podsumowanie!E74+Podsumowanie!E77+Podsumowanie!E80+Podsumowanie!E83+Podsumowanie!E86+Podsumowanie!E89+Podsumowanie!E92+Podsumowanie!E95 -> 1103935.7 | F23: =ROUND(D23-E23,2) -> 0 | G23: =IF(ABS(F23)<=0.02,"OK","BŁĄD") -> OK
A24: Zadanie 3 = suma pozycji 3.x | B24: Kwalifikowalne | C24: bieżące | D24: =Podsumowanie!C69 -> 0 | E24: =Podsumowanie!C72+Podsumowanie!C75+Podsumowanie!C78+Podsumowanie!C81+Podsumowanie!C84+Podsumowanie!C87+Podsumowanie!C90+Podsumowanie!C93+Podsumowanie!C96 -> 0 | F24: =ROUND(D24-E24,2) -> 0 | G24: =IF(ABS(F24)<=0.02,"OK","BŁĄD") -> OK
A25: Zadanie 3 = suma pozycji 3.x | B25: Kwalifikowalne | C25: narastająco | D25: =Podsumowanie!D69 -> 0 | E25: =Podsumowanie!D72+Podsumowanie!D75+Podsumowanie!D78+Podsumowanie!D81+Podsumowanie!D84+Podsumowanie!D87+Podsumowanie!D90+Podsumowanie!D93+Podsumowanie!D96 -> 0 | F25: =ROUND(D25-E25,2) -> 0 | G25: =IF(ABS(F25)<=0.02,"OK","BŁĄD") -> OK
A26: Zadanie 3 = suma pozycji 3.x | B26: Kwalifikowalne | C26: w projekcie | D26: =Podsumowanie!E69 -> 1103935.7 | E26: =Podsumowanie!E72+Podsumowanie!E75+Podsumowanie!E78+Podsumowanie!E81+Podsumowanie!E84+Podsumowanie!E87+Podsumowanie!E90+Podsumowanie!E93+Podsumowanie!E96 -> 1103935.7 | F26: =ROUND(D26-E26,2) -> 0 | G26: =IF(ABS(F26)<=0.02,"OK","BŁĄD") -> OK
A27: Zadanie 3 = suma pozycji 3.x | B27: Dofinansowanie | C27: bieżące | D27: =Podsumowanie!C70 -> 0 | E27: =Podsumowanie!C73+Podsumowanie!C76+Podsumowanie!C79+Podsumowanie!C82+Podsumowanie!C85+Podsumowanie!C88+Podsumowanie!C91+Podsumowanie!C94+Podsumowanie!C97 -> 0 | F27: =ROUND(D27-E27,2) -> 0 | G27: =IF(ABS(F27)<=0.02,"OK","BŁĄD") -> OK
A28: Zadanie 3 = suma pozycji 3.x | B28: Dofinansowanie | C28: narastająco | D28: =Podsumowanie!D70 -> 0 | E28: =Podsumowanie!D73+Podsumowanie!D76+Podsumowanie!D79+Podsumowanie!D82+Podsumowanie!D85+Podsumowanie!D88+Podsumowanie!D91+Podsumowanie!D94+Podsumowanie!D97 -> 0 | F28: =ROUND(D28-E28,2) -> 0 | G28: =IF(ABS(F28)<=0.02,"OK","BŁĄD") -> OK
A29: Zadanie 3 = suma pozycji 3.x | B29: Dofinansowanie | C29: w projekcie | D29: =Podsumowanie!E70 -> 883148.56 | E29: =Podsumowanie!E73+Podsumowanie!E76+Podsumowanie!E79+Podsumowanie!E82+Podsumowanie!E85+Podsumowanie!E88+Podsumowanie!E91+Podsumowanie!E94+Podsumowanie!E97 -> 883148.56 | F29: =ROUND(D29-E29,2) -> 0 | G29: =IF(ABS(F29)<=0.02,"OK","BŁĄD") -> OK
A30: Zadanie 4 = suma pozycji 4.x | B30: Ogółem | C30: bieżące | D30: =Podsumowanie!C98 -> 0 | E30: =Podsumowanie!C101+Podsumowanie!C104+Podsumowanie!C107+Podsumowanie!C110+Podsumowanie!C113+Podsumowanie!C116+Podsumowanie!C119+Podsumowanie!C122+Podsumowanie!C125 -> 0 | F30: =ROUND(D30-E30,2) -> 0 | G30: =IF(ABS(F30)<=0.02,"OK","BŁĄD") -> OK
A31: Zadanie 4 = suma pozycji 4.x | B31: Ogółem | C31: narastająco | D31: =Podsumowanie!D98 -> 0 | E31: =Podsumowanie!D101+Podsumowanie!D104+Podsumowanie!D107+Podsumowanie!D110+Podsumowanie!D113+Podsumowanie!D116+Podsumowanie!D119+Podsumowanie!D122+Podsumowanie!D125 -> 0 | F31: =ROUND(D31-E31,2) -> 0 | G31: =IF(ABS(F31)<=0.02,"OK","BŁĄD") -> OK
A32: Zadanie 4 = suma pozycji 4.x | B32: Ogółem | C32: w projekcie | D32: =Podsumowanie!E98 -> 698237.14 | E32: =Podsumowanie!E101+Podsumowanie!E104+Podsumowanie!E107+Podsumowanie!E110+Podsumowanie!E113+Podsumowanie!E116+Podsumowanie!E119+Podsumowanie!E122+Podsumowanie!E125 -> 698237.14 | F32: =ROUND(D32-E32,2) -> 0 | G32: =IF(ABS(F32)<=0.02,"OK","BŁĄD") -> OK
A33: Zadanie 4 = suma pozycji 4.x | B33: Kwalifikowalne | C33: bieżące | D33: =Podsumowanie!C99 -> 0 | E33: =Podsumowanie!C102+Podsumowanie!C105+Podsumowanie!C108+Podsumowanie!C111+Podsumowanie!C114+Podsumowanie!C117+Podsumowanie!C120+Podsumowanie!C123+Podsumowanie!C126 -> 0 | F33: =ROUND(D33-E33,2) -> 0 | G33: =IF(ABS(F33)<=0.02,"OK","BŁĄD") -> OK
A34: Zadanie 4 = suma pozycji 4.x | B34: Kwalifikowalne | C34: narastająco | D34: =Podsumowanie!D99 -> 0 | E34: =Podsumowanie!D102+Podsumowanie!D105+Podsumowanie!D108+Podsumowanie!D111+Podsumowanie!D114+Podsumowanie!D117+Podsumowanie!D120+Podsumowanie!D123+Podsumowanie!D126 -> 0 | F34: =ROUND(D34-E34,2) -> 0 | G34: =IF(ABS(F34)<=0.02,"OK","BŁĄD") -> OK
A35: Zadanie 4 = suma pozycji 4.x | B35: Kwalifikowalne | C35: w projekcie | D35: =Podsumowanie!E99 -> 698237.14 | E35: =Podsumowanie!E102+Podsumowanie!E105+Podsumowanie!E108+Podsumowanie!E111+Podsumowanie!E114+Podsumowanie!E117+Podsumowanie!E120+Podsumowanie!E123+Podsumowanie!E126 -> 698237.14 | F35: =ROUND(D35-E35,2) -> 0 | G35: =IF(ABS(F35)<=0.02,"OK","BŁĄD") -> OK
A36: Zadanie 4 = suma pozycji 4.x | B36: Dofinansowanie | C36: bieżące | D36: =Podsumowanie!C100 -> 0 | E36: =Podsumowanie!C103+Podsumowanie!C106+Podsumowanie!C109+Podsumowanie!C112+Podsumowanie!C115+Podsumowanie!C118+Podsumowanie!C121+Podsumowanie!C124+Podsumowanie!C127 -> 0 | F36: =ROUND(D36-E36,2) -> 0 | G36: =IF(ABS(F36)<=0.02,"OK","BŁĄD") -> OK
A37: Zadanie 4 = suma pozycji 4.x | B37: Dofinansowanie | C37: narastająco | D37: =Podsumowanie!D100 -> 0 | E37: =Podsumowanie!D103+Podsumowanie!D106+Podsumowanie!D109+Podsumowanie!D112+Podsumowanie!D115+Podsumowanie!D118+Podsumowanie!D121+Podsumowanie!D124+Podsumowanie!D127 -> 0 | F37: =ROUND(D37-E37,2) -> 0 | G37: =IF(ABS(F37)<=0.02,"OK","BŁĄD") -> OK
A38: Zadanie 4 = suma pozycji 4.x | B38: Dofinansowanie | C38: w projekcie | D38: =Podsumowanie!E100 -> 418942.28 | E38: =Podsumowanie!E103+Podsumowanie!E106+Podsumowanie!E109+Podsumowanie!E112+Podsumowanie!E115+Podsumowanie!E118+Podsumowanie!E121+Podsumowanie!E124+Podsumowanie!E127 -> 418942.28 | F38: =ROUND(D38-E38,2) -> 0 | G38: =IF(ABS(F38)<=0.02,"OK","BŁĄD") -> OK
A39: Koszty bezpośrednie = suma zadań | B39: Ogółem | C39: bieżące | D39: =Podsumowanie!C145 -> 335904.98 | E39: =Podsumowanie!C5+Podsumowanie!C35+Podsumowanie!C68+Podsumowanie!C98 -> 335904.98 | F39: =ROUND(D39-E39,2) -> 0 | G39: =IF(ABS(F39)<=0.02,"OK","BŁĄD") -> OK
A40: Razem = bezpośrednie + pośrednie | B40: Ogółem | C40: bieżące | D40: =Podsumowanie!C136 -> 335904.98 | E40: =Podsumowanie!C145+Podsumowanie!C130 -> 335904.98 | F40: =ROUND(D40-E40,2) -> 0 | G40: =IF(ABS(F40)<=0.02,"OK","BŁĄD") -> OK
A41: Kategoria Amortyzacja = suma pozycji | B41: Ogółem | C41: bieżące | D41: =Podsumowanie!C151 -> 0 | E41: =Podsumowanie!C29+Podsumowanie!C62+Podsumowanie!C92+Podsumowanie!C119 -> 0 | F41: =ROUND(D41-E41,2) -> 0 | G41: =IF(ABS(F41)<=0.02,"OK","BŁĄD") -> OK
A42: Kategoria Personel = suma pozycji | B42: Ogółem | C42: bieżące | D42: =Podsumowanie!C154 -> 335904.98 | E42: =Podsumowanie!C8+Podsumowanie!C11+Podsumowanie!C14+Podsumowanie!C17+Podsumowanie!C20+Podsumowanie!C23+Podsumowanie!C26+Podsumowanie!C32+Podsumowanie!C38+Podsumowanie!C41+Podsumowanie!C44+Podsumowanie!C47+Podsumowanie!C50+Podsumowanie!C53+Podsumowanie!C56+Podsumowanie!C65+Podsumowanie!C71+Podsumowanie!C74+Podsumowanie!C77+Podsumowanie!C80+Podsumowanie!C83+Podsumowanie!C86+Podsumowanie!C89+Podsumowanie!C95+Podsumowanie!C101+Podsumowanie!C104+Podsumowanie!C107+Podsumowanie!C110+Podsumowanie!C113+Podsumowanie!C116+Podsumowanie!C122+Podsumowanie!C125 -> 335904.98 | F42: =ROUND(D42-E42,2) -> 0 | G42: =IF(ABS(F42)<=0.02,"OK","BŁĄD") -> OK
A43: Kategoria WNiP = suma pozycji | B43: Ogółem | C43: bieżące | D43: =Podsumowanie!C157 -> 0 | E43: =Podsumowanie!C59 -> 0 | F43: =ROUND(D43-E43,2) -> 0 | G43: =IF(ABS(F43)<=0.02,"OK","BŁĄD") -> OK
A44: Koszty bezpośrednie = suma zadań | B44: Ogółem | C44: narastająco | D44: =Podsumowanie!D145 -> 1816194.2 | E44: =Podsumowanie!D5+Podsumowanie!D35+Podsumowanie!D68+Podsumowanie!D98 -> 1816194.2 | F44: =ROUND(D44-E44,2) -> 0 | G44: =IF(ABS(F44)<=0.02,"OK","BŁĄD") -> OK
A45: Razem = bezpośrednie + pośrednie | B45: Ogółem | C45: narastająco | D45: =Podsumowanie!D136 -> 2186266.5 | E45: =Podsumowanie!D145+Podsumowanie!D130 -> 2186266.5 | F45: =ROUND(D45-E45,2) -> 0 | G45: =IF(ABS(F45)<=0.02,"OK","BŁĄD") -> OK
A46: Kategoria Amortyzacja = suma pozycji | B46: Ogółem | C46: narastająco | D46: =Podsumowanie!D151 -> 4552.16 | E46: =Podsumowanie!D29+Podsumowanie!D62+Podsumowanie!D92+Podsumowanie!D119 -> 4552.16 | F46: =ROUND(D46-E46,2) -> 0 | G46: =IF(ABS(F46)<=0.02,"OK","BŁĄD") -> OK
A47: Kategoria Personel = suma pozycji | B47: Ogółem | C47: narastająco | D47: =Podsumowanie!D154 -> 1811642 | E47: =Podsumowanie!D8+Podsumowanie!D11+Podsumowanie!D14+Podsumowanie!D17+Podsumowanie!D20+Podsumowanie!D23+Podsumowanie!D26+Podsumowanie!D32+Podsumowanie!D38+Podsumowanie!D41+Podsumowanie!D44+Podsumowanie!D47+Podsumowanie!D50+Podsumowanie!D53+Podsumowanie!D56+Podsumowanie!D65+Podsumowanie!D71+Podsumowanie!D74+Podsumowanie!D77+Podsumowanie!D80+Podsumowanie!D83+Podsumowanie!D86+Podsumowanie!D89+Podsumowanie!D95+Podsumowanie!D101+Podsumowanie!D104+Podsumowanie!D107+Podsumowanie!D110+Podsumowanie!D113+Podsumowanie!D116+Podsumowanie!D122+Podsumowanie!D125 -> 1811642 | F47: =ROUND(D47-E47,2) -> 0 | G47: =IF(ABS(F47)<=0.02,"OK","BŁĄD") -> OK
A48: Kategoria WNiP = suma pozycji | B48: Ogółem | C48: narastająco | D48: =Podsumowanie!D157 -> 0 | E48: =Podsumowanie!D59 -> 0 | F48: =ROUND(D48-E48,2) -> 0 | G48: =IF(ABS(F48)<=0.02,"OK","BŁĄD") -> OK
A49: Koszty bezpośrednie = suma zadań | B49: Ogółem | C49: w projekcie | D49: =Podsumowanie!E145 -> 3897492.5 | E49: =Podsumowanie!E5+Podsumowanie!E35+Podsumowanie!E68+Podsumowanie!E98 -> 3897492.5 | F49: =ROUND(D49-E49,2) -> 0 | G49: =IF(ABS(F49)<=0.02,"OK","BŁĄD") -> OK
A50: Razem = bezpośrednie + pośrednie | B50: Ogółem | C50: w projekcie | D50: =Podsumowanie!E136 -> 4866115.6 | E50: =Podsumowanie!E145+Podsumowanie!E130 -> 4866115.6 | F50: =ROUND(D50-E50,2) -> 0 | G50: =IF(ABS(F50)<=0.02,"OK","BŁĄD") -> OK
A51: Kategoria Amortyzacja = suma pozycji | B51: Ogółem | C51: w projekcie | D51: =Podsumowanie!E151 -> 14999.99 | E51: =Podsumowanie!E29+Podsumowanie!E62+Podsumowanie!E92+Podsumowanie!E119 -> 14999.99 | F51: =ROUND(D51-E51,2) -> 0 | G51: =IF(ABS(F51)<=0.02,"OK","BŁĄD") -> OK
A52: Kategoria Personel = suma pozycji | B52: Ogółem | C52: w projekcie | D52: =Podsumowanie!E154 -> 3759492.5 | E52: =Podsumowanie!E8+Podsumowanie!E11+Podsumowanie!E14+Podsumowanie!E17+Podsumowanie!E20+Podsumowanie!E23+Podsumowanie!E26+Podsumowanie!E32+Podsumowanie!E38+Podsumowanie!E41+Podsumowanie!E44+Podsumowanie!E47+Podsumowanie!E50+Podsumowanie!E53+Podsumowanie!E56+Podsumowanie!E65+Podsumowanie!E71+Podsumowanie!E74+Podsumowanie!E77+Podsumowanie!E80+Podsumowanie!E83+Podsumowanie!E86+Podsumowanie!E89+Podsumowanie!E95+Podsumowanie!E101+Podsumowanie!E104+Podsumowanie!E107+Podsumowanie!E110+Podsumowanie!E113+Podsumowanie!E116+Podsumowanie!E122+Podsumowanie!E125 -> 3759492.5 | F52: =ROUND(D52-E52,2) -> 0 | G52: =IF(ABS(F52)<=0.02,"OK","BŁĄD") -> OK
A53: Kategoria WNiP = suma pozycji | B53: Ogółem | C53: w projekcie | D53: =Podsumowanie!E157 -> 123000 | E53: =Podsumowanie!E59 -> 123000 | F53: =ROUND(D53-E53,2) -> 0 | G53: =IF(ABS(F53)<=0.02,"OK","BŁĄD") -> OK
A54: Koszty bezpośrednie = suma zadań | B54: Kwalifikowalne | C54: bieżące | D54: =Podsumowanie!C146 -> 335904.98 | E54: =Podsumowanie!C6+Podsumowanie!C36+Podsumowanie!C69+Podsumowanie!C99 -> 335904.98 | F54: =ROUND(D54-E54,2) -> 0 | G54: =IF(ABS(F54)<=0.02,"OK","BŁĄD") -> OK
A55: Razem = bezpośrednie + pośrednie | B55: Kwalifikowalne | C55: bieżące | D55: =Podsumowanie!C137 -> 335904.98 | E55: =Podsumowanie!C146+Podsumowanie!C131 -> 335904.98 | F55: =ROUND(D55-E55,2) -> 0 | G55: =IF(ABS(F55)<=0.02,"OK","BŁĄD") -> OK
A56: Kategoria Amortyzacja = suma pozycji | B56: Kwalifikowalne | C56: bieżące | D56: =Podsumowanie!C152 -> 0 | E56: =Podsumowanie!C30+Podsumowanie!C63+Podsumowanie!C93+Podsumowanie!C120 -> 0 | F56: =ROUND(D56-E56,2) -> 0 | G56: =IF(ABS(F56)<=0.02,"OK","BŁĄD") -> OK
A57: Kategoria Personel = suma pozycji | B57: Kwalifikowalne | C57: bieżące | D57: =Podsumowanie!C155 -> 335904.98 | E57: =Podsumowanie!C9+Podsumowanie!C12+Podsumowanie!C15+Podsumowanie!C18+Podsumowanie!C21+Podsumowanie!C24+Podsumowanie!C27+Podsumowanie!C33+Podsumowanie!C39+Podsumowanie!C42+Podsumowanie!C45+Podsumowanie!C48+Podsumowanie!C51+Podsumowanie!C54+Podsumowanie!C57+Podsumowanie!C66+Podsumowanie!C72+Podsumowanie!C75+Podsumowanie!C78+Podsumowanie!C81+Podsumowanie!C84+Podsumowanie!C87+Podsumowanie!C90+Podsumowanie!C96+Podsumowanie!C102+Podsumowanie!C105+Podsumowanie!C108+Podsumowanie!C111+Podsumowanie!C114+Podsumowanie!C117+Podsumowanie!C123+Podsumowanie!C126 -> 335904.98 | F57: =ROUND(D57-E57,2) -> 0 | G57: =IF(ABS(F57)<=0.02,"OK","BŁĄD") -> OK
A58: Kategoria WNiP = suma pozycji | B58: Kwalifikowalne | C58: bieżące | D58: =Podsumowanie!C158 -> 0 | E58: =Podsumowanie!C60 -> 0 | F58: =ROUND(D58-E58,2) -> 0 | G58: =IF(ABS(F58)<=0.02,"OK","BŁĄD") -> OK
A59: Koszty bezpośrednie = suma zadań | B59: Kwalifikowalne | C59: narastająco | D59: =Podsumowanie!D146 -> 1649994.2 | E59: =Podsumowanie!D6+Podsumowanie!D36+Podsumowanie!D69+Podsumowanie!D99 -> 1649994.2 | F59: =ROUND(D59-E59,2) -> 0 | G59: =IF(ABS(F59)<=0.02,"OK","BŁĄD") -> OK
A60: Razem = bezpośrednie + pośrednie | B60: Kwalifikowalne | C60: narastająco | D60: =Podsumowanie!D137 -> 1978516.5 | E60: =Podsumowanie!D146+Podsumowanie!D131 -> 1978516.5 | F60: =ROUND(D60-E60,2) -> 0 | G60: =IF(ABS(F60)<=0.02,"OK","BŁĄD") -> OK
A61: Kategoria Amortyzacja = suma pozycji | B61: Kwalifikowalne | C61: narastająco | D61: =Podsumowanie!D152 -> 4552.16 | E61: =Podsumowanie!D30+Podsumowanie!D63+Podsumowanie!D93+Podsumowanie!D120 -> 4552.16 | F61: =ROUND(D61-E61,2) -> 0 | G61: =IF(ABS(F61)<=0.02,"OK","BŁĄD") -> OK
A62: Kategoria Personel = suma pozycji | B62: Kwalifikowalne | C62: narastająco | D62: =Podsumowanie!D155 -> 1645442 | E62: =Podsumowanie!D9+Podsumowanie!D12+Podsumowanie!D15+Podsumowanie!D18+Podsumowanie!D21+Podsumowanie!D24+Podsumowanie!D27+Podsumowanie!D33+Podsumowanie!D39+Podsumowanie!D42+Podsumowanie!D45+Podsumowanie!D48+Podsumowanie!D51+Podsumowanie!D54+Podsumowanie!D57+Podsumowanie!D66+Podsumowanie!D72+Podsumowanie!D75+Podsumowanie!D78+Podsumowanie!D81+Podsumowanie!D84+Podsumowanie!D87+Podsumowanie!D90+Podsumowanie!D96+Podsumowanie!D102+Podsumowanie!D105+Podsumowanie!D108+Podsumowanie!D111+Podsumowanie!D114+Podsumowanie!D117+Podsumowanie!D123+Podsumowanie!D126 -> 1645442 | F62: =ROUND(D62-E62,2) -> 0 | G62: =IF(ABS(F62)<=0.02,"OK","BŁĄD") -> OK
A63: Kategoria WNiP = suma pozycji | B63: Kwalifikowalne | C63: narastająco | D63: =Podsumowanie!D158 -> 0 | E63: =Podsumowanie!D60 -> 0 | F63: =ROUND(D63-E63,2) -> 0 | G63: =IF(ABS(F63)<=0.02,"OK","BŁĄD") -> OK
A64: Koszty bezpośrednie = suma zadań | B64: Kwalifikowalne | C64: w projekcie | D64: =Podsumowanie!E146 -> 3874492.5 | E64: =Podsumowanie!E6+Podsumowanie!E36+Podsumowanie!E69+Podsumowanie!E99 -> 3874492.5 | F64: =ROUND(D64-E64,2) -> 0 | G64: =IF(ABS(F64)<=0.02,"OK","BŁĄD") -> OK
A65: Razem = bezpośrednie + pośrednie | B65: Kwalifikowalne | C65: w projekcie | D65: =Podsumowanie!E137 -> 4843115.6 | E65: =Podsumowanie!E146+Podsumowanie!E131 -> 4843115.6 | F65: =ROUND(D65-E65,2) -> 0 | G65: =IF(ABS(F65)<=0.02,"OK","BŁĄD") -> OK
A66: Kategoria Amortyzacja = suma pozycji | B66: Kwalifikowalne | C66: w projekcie | D66: =Podsumowanie!E152 -> 14999.99 | E66: =Podsumowanie!E30+Podsumowanie!E63+Podsumowanie!E93+Podsumowanie!E120 -> 14999.99 | F66: =ROUND(D66-E66,2) -> 0 | G66: =IF(ABS(F66)<=0.02,"OK","BŁĄD") -> OK
A67: Kategoria Personel = suma pozycji | B67: Kwalifikowalne | C67: w projekcie | D67: =Podsumowanie!E155 -> 3759492.5 | E67: =Podsumowanie!E9+Podsumowanie!E12+Podsumowanie!E15+Podsumowanie!E18+Podsumowanie!E21+Podsumowanie!E24+Podsumowanie!E27+Podsumowanie!E33+Podsumowanie!E39+Podsumowanie!E42+Podsumowanie!E45+Podsumowanie!E48+Podsumowanie!E51+Podsumowanie!E54+Podsumowanie!E57+Podsumowanie!E66+Podsumowanie!E72+Podsumowanie!E75+Podsumowanie!E78+Podsumowanie!E81+Podsumowanie!E84+Podsumowanie!E87+Podsumowanie!E90+Podsumowanie!E96+Podsumowanie!E102+Podsumowanie!E105+Podsumowanie!E108+Podsumowanie!E111+Podsumowanie!E114+Podsumowanie!E117+Podsumowanie!E123+Podsumowanie!E126 -> 3759492.5 | F67: =ROUND(D67-E67,2) -> 0 | G67: =IF(ABS(F67)<=0.02,"OK","BŁĄD") -> OK
A68: Kategoria WNiP = suma pozycji | B68: Kwalifikowalne | C68: w projekcie | D68: =Podsumowanie!E158 -> 100000 | E68: =Podsumowanie!E60 -> 100000 | F68: =ROUND(D68-E68,2) -> 0 | G68: =IF(ABS(F68)<=0.02,"OK","BŁĄD") -> OK
A69: Koszty bezpośrednie = suma zadań | B69: Dofinansowanie | C69: bieżące | D69: =Podsumowanie!C147 -> 268723.98 | E69: =Podsumowanie!C7+Podsumowanie!C37+Podsumowanie!C70+Podsumowanie!C100 -> 268723.98 | F69: =ROUND(D69-E69,2) -> 0 | G69: =IF(ABS(F69)<=0.02,"OK","BŁĄD") -> OK
A70: Razem = bezpośrednie + pośrednie | B70: Dofinansowanie | C70: bieżące | D70: =Podsumowanie!C138 -> 268723.98 | E70: =Podsumowanie!C147+Podsumowanie!C132 -> 268723.98 | F70: =ROUND(D70-E70,2) -> 0 | G70: =IF(ABS(F70)<=0.02,"OK","BŁĄD") -> OK
A71: Kategoria Amortyzacja = suma pozycji | B71: Dofinansowanie | C71: bieżące | D71: =Podsumowanie!C153 -> 0 | E71: =Podsumowanie!C31+Podsumowanie!C64+Podsumowanie!C94+Podsumowanie!C121 -> 0 | F71: =ROUND(D71-E71,2) -> 0 | G71: =IF(ABS(F71)<=0.02,"OK","BŁĄD") -> OK
A72: Kategoria Personel = suma pozycji | B72: Dofinansowanie | C72: bieżące | D72: =Podsumowanie!C156 -> 268723.98 | E72: =Podsumowanie!C10+Podsumowanie!C13+Podsumowanie!C16+Podsumowanie!C19+Podsumowanie!C22+Podsumowanie!C25+Podsumowanie!C28+Podsumowanie!C34+Podsumowanie!C40+Podsumowanie!C43+Podsumowanie!C46+Podsumowanie!C49+Podsumowanie!C52+Podsumowanie!C55+Podsumowanie!C58+Podsumowanie!C67+Podsumowanie!C73+Podsumowanie!C76+Podsumowanie!C79+Podsumowanie!C82+Podsumowanie!C85+Podsumowanie!C88+Podsumowanie!C91+Podsumowanie!C97+Podsumowanie!C103+Podsumowanie!C106+Podsumowanie!C109+Podsumowanie!C112+Podsumowanie!C115+Podsumowanie!C118+Podsumowanie!C124+Podsumowanie!C127 -> 268723.98 | F72: =ROUND(D72-E72,2) -> 0 | G72: =IF(ABS(F72)<=0.02,"OK","BŁĄD") -> OK
A73: Kategoria WNiP = suma pozycji | B73: Dofinansowanie | C73: bieżące | D73: =Podsumowanie!C159 -> 0 | E73: =Podsumowanie!C61 -> 0 | F73: =ROUND(D73-E73,2) -> 0 | G73: =IF(ABS(F73)<=0.02,"OK","BŁĄD") -> OK
A74: Koszty bezpośrednie = suma zadań | B74: Dofinansowanie | C74: narastająco | D74: =Podsumowanie!D147 -> 1319995.3 | E74: =Podsumowanie!D7+Podsumowanie!D37+Podsumowanie!D70+Podsumowanie!D100 -> 1319995.3 | F74: =ROUND(D74-E74,2) -> 0 | G74: =IF(ABS(F74)<=0.02,"OK","BŁĄD") -> OK
A75: Razem = bezpośrednie + pośrednie | B75: Dofinansowanie | C75: narastająco | D75: =Podsumowanie!D138 -> 1582813.2 | E75: =Podsumowanie!D147+Podsumowanie!D132 -> 1582813.2 | F75: =ROUND(D75-E75,2) -> 0 | G75: =IF(ABS(F75)<=0.02,"OK","BŁĄD") -> OK
A76: Kategoria Amortyzacja = suma pozycji | B76: Dofinansowanie | C76: narastająco | D76: =Podsumowanie!D153 -> 3641.74 | E76: =Podsumowanie!D31+Podsumowanie!D64+Podsumowanie!D94+Podsumowanie!D121 -> 3641.74 | F76: =ROUND(D76-E76,2) -> 0 | G76: =IF(ABS(F76)<=0.02,"OK","BŁĄD") -> OK
A77: Kategoria Personel = suma pozycji | B77: Dofinansowanie | C77: narastająco | D77: =Podsumowanie!D156 -> 1316353.6 | E77: =Podsumowanie!D10+Podsumowanie!D13+Podsumowanie!D16+Podsumowanie!D19+Podsumowanie!D22+Podsumowanie!D25+Podsumowanie!D28+Podsumowanie!D34+Podsumowanie!D40+Podsumowanie!D43+Podsumowanie!D46+Podsumowanie!D49+Podsumowanie!D52+Podsumowanie!D55+Podsumowanie!D58+Podsumowanie!D67+Podsumowanie!D73+Podsumowanie!D76+Podsumowanie!D79+Podsumowanie!D82+Podsumowanie!D85+Podsumowanie!D88+Podsumowanie!D91+Podsumowanie!D97+Podsumowanie!D103+Podsumowanie!D106+Podsumowanie!D109+Podsumowanie!D112+Podsumowanie!D115+Podsumowanie!D118+Podsumowanie!D124+Podsumowanie!D127 -> 1316353.6 | F77: =ROUND(D77-E77,2) -> 0 | G77: =IF(ABS(F77)<=0.02,"OK","BŁĄD") -> OK
A78: Kategoria WNiP = suma pozycji | B78: Dofinansowanie | C78: narastająco | D78: =Podsumowanie!D159 -> 0 | E78: =Podsumowanie!D61 -> 0 | F78: =ROUND(D78-E78,2) -> 0 | G78: =IF(ABS(F78)<=0.02,"OK","BŁĄD") -> OK
A79: Koszty bezpośrednie = suma zadań | B79: Dofinansowanie | C79: w projekcie | D79: =Podsumowanie!E147 -> 2959946.5 | E79: =Podsumowanie!E7+Podsumowanie!E37+Podsumowanie!E70+Podsumowanie!E100 -> 2959946.5 | F79: =ROUND(D79-E79,2) -> 0 | G79: =IF(ABS(F79)<=0.02,"OK","BŁĄD") -> OK
A80: Razem = bezpośrednie + pośrednie | B80: Dofinansowanie | C80: w projekcie | D80: =Podsumowanie!E138 -> 3699933.2 | E80: =Podsumowanie!E147+Podsumowanie!E132 -> 3699933.2 | F80: =ROUND(D80-E80,2) -> 0 | G80: =IF(ABS(F80)<=0.02,"OK","BŁĄD") -> OK
A81: Kategoria Amortyzacja = suma pozycji | B81: Dofinansowanie | C81: w projekcie | D81: =Podsumowanie!E153 -> 11428.54 | E81: =Podsumowanie!E31+Podsumowanie!E64+Podsumowanie!E94+Podsumowanie!E121 -> 11428.54 | F81: =ROUND(D81-E81,2) -> 0 | G81: =IF(ABS(F81)<=0.02,"OK","BŁĄD") -> OK
A82: Kategoria Personel = suma pozycji | B82: Dofinansowanie | C82: w projekcie | D82: =Podsumowanie!E156 -> 2868518 | E82: =Podsumowanie!E10+Podsumowanie!E13+Podsumowanie!E16+Podsumowanie!E19+Podsumowanie!E22+Podsumowanie!E25+Podsumowanie!E28+Podsumowanie!E34+Podsumowanie!E40+Podsumowanie!E43+Podsumowanie!E46+Podsumowanie!E49+Podsumowanie!E52+Podsumowanie!E55+Podsumowanie!E58+Podsumowanie!E67+Podsumowanie!E73+Podsumowanie!E76+Podsumowanie!E79+Podsumowanie!E82+Podsumowanie!E85+Podsumowanie!E88+Podsumowanie!E91+Podsumowanie!E97+Podsumowanie!E103+Podsumowanie!E106+Podsumowanie!E109+Podsumowanie!E112+Podsumowanie!E115+Podsumowanie!E118+Podsumowanie!E124+Podsumowanie!E127 -> 2868518 | F82: =ROUND(D82-E82,2) -> 0 | G82: =IF(ABS(F82)<=0.02,"OK","BŁĄD") -> OK
A83: Kategoria WNiP = suma pozycji | B83: Dofinansowanie | C83: w projekcie | D83: =Podsumowanie!E159 -> 80000 | E83: =Podsumowanie!E61 -> 80000 | F83: =ROUND(D83-E83,2) -> 0 | G83: =IF(ABS(F83)<=0.02,"OK","BŁĄD") -> OK
A84: Koszty pośrednie (kwal.) = 25% bezp. kwal. – narast. liczone od bezp. bez bieżącego wniosku | B84: Kwalifikowalne | C84: narastająco | D84: =Podsumowanie!D131 -> 328522.3 | E84: =0.25*(Podsumowanie!D146-Podsumowanie!C146) -> 328522.29 | F84: =ROUND(D84-E84,2) -> 0.01 | G84: =IF(ABS(F84)<=0.02,"OK","BŁĄD") -> OK
A85: Koszty pośrednie (kwal.) = 25% bezp. kwal. | B85: Kwalifikowalne | C85: w projekcie | D85: =Podsumowanie!E131 -> 968623.12 | E85: =0.25*(Podsumowanie!E146) -> 968623.12 | F85: =ROUND(D85-E85,2) -> 0 | G85: =IF(ABS(F85)<=0.02,"OK","BŁĄD") -> OK

Sheet Uwagi
A1: Uwaga | B1: Opis
A2: Wynik kontroli | B2: Wszystkie sumy (zadania, koszty bezpośrednie, razem, kategorie) zgadzają się co do grosza – patrz arkusz Kontrola.
A3: Zadanie 4 – intensywność dofinansowania | B3: W Zadaniu 4 (poz. 4.1–4.9) dofinansowanie wynosi 60% kwoty kwalifikowalnej w projekcie (np. 4.1: 132 960 / 221 600), w Zadaniach 1–3 jest to 80%. Zweryfikować, czy to zamierzone (np. inna intensywność pomocy) – wpływa na łączne dofinansowanie 3 699 933,17.
A4: Poz. 2.2 – przekroczenie | B4: Narastająco 113 168,16 > w projekcie 113 160,00 (100,01%); dofinansowanie 90 534,53 > 90 528,00. Przekroczenie o 8,16 zł (6,53 zł dofin.). Do wyjaśnienia / korekty.
A5: Poz. 2.1 – kwalifikowalne narastająco | B5: Ogółem narastająco 332 400,00, kwalifikowalne tylko 166 200,00 (50%), podczas gdy w projekcie kwalifikowalne = ogółem (332 400,00). Sprawdzić, czy część wydatków nie została celowo uznana za niekwalifikowalną.
A6: Poz. 1.8 vs 2.9 – zaokrąglenie | B6: Ta sama kwota kwalifikowalna 2 276,08, dofinansowanie 1 820,86 (1.8) vs 1 820,88 (2.9) – różnica 0,02 zł, zaokrąglenia. Suma 3 641,74 zgodna z kategorią Amortyzacja.
A7: Koszty pośrednie | B7: Ryczałt 25%: w projekcie 968 623,12 = 25% × 3 874 492,49 (OK). Narastająco 328 522,30 = 25% × (1 649 994,16 – 335 904,98), tj. liczone bez wydatków bieżącego wniosku – spójne, wydatki pośrednie za bieżący okres = 0,00.
A8: Str. 26 – polityki wspólnotowe | B8: Oświadczenie: 'Projekt jest realizowany zgodnie z zasadami polityk wspólnotowych: Nie', a opis nieprawidłowości/działań naprawczych: 'Brak danych'. Wygląda na niewypełnione/błędne pole – jeśli projekt jest zgodny, powinno być 'Tak'; jeśli nie, wymagany jest opis.
A9: Str. 26 – dokument roboczy | B9: Dokument ma znak wodny 'WERSJA ROBOCZA'; pole 'Numer wniosku' puste.
A10: Zadania 3–4 | B10: Wydatki bieżące i narastająco = 0,00 (jeszcze niezrealizowane) – prawidłowo.
A11: Nazwy | B11: W nazwach zadań usunięto zdublowaną numerację (PDF: 'Zadanie 1. 1. …').

Sheet nowy format
B1: wydatki narastająco | E1: wydatki w projekcie
A2: Pozycja budżetowa | B2: wydatki ogółem | C2: wydatki kwalifikowane | D2: dofinansowanie | E2: wydatki ogółem | F2: wydatki kwalifikowane | G2: dofinansowanie
A3: Zadanie 1. Opracowanie narzędzi i przeprowadzenie badań w celu parametryzacji obrazów - B + R | B3: =Podsumowanie!D5 -> 807424.87 | C3: =Podsumowanie!D6 -> 807424.87 | D3: =Podsumowanie!D7 -> 645939.9 | E3: =Podsumowanie!E5 -> 868383.93 | F3: =Podsumowanie!E6 -> 868383.93 | G3: =Podsumowanie!E7 -> 694707.14
A4: 1.1 Personel projektu - Ekspert AI | B4: =Podsumowanie!D8 -> 277000 | C4: =Podsumowanie!D9 -> 277000 | D4: =Podsumowanie!D10 -> 221600 | E4: =Podsumowanie!E8 -> 277000 | F4: =Podsumowanie!E9 -> 277000 | G4: =Podsumowanie!E10 -> 221600
A5: 1.2 Personel projektu - Big Data Engineer | B5: =Podsumowanie!D11 -> 94300 | C5: =Podsumowanie!D12 -> 94300 | D5: =Podsumowanie!D13 -> 75440 | E5: =Podsumowanie!E11 -> 94300 | F5: =Podsumowanie!E12 -> 94300 | G5: =Podsumowanie!E13 -> 75440
A6: 1.3 Personel projektu - Ekspert ds. psychometrii | B6: =Podsumowanie!D14 -> 121994.98 | C6: =Podsumowanie!D15 -> 121994.98 | D6: =Podsumowanie!D16 -> 97595.98 | E6: =Podsumowanie!E14 -> 135550 | F6: =Podsumowanie!E15 -> 135550 | G6: =Podsumowanie!E16 -> 108440
A7: 1.4 Personel projektu - Senior Developer | B7: =Podsumowanie!D17 -> 50828.54 | C7: =Podsumowanie!D18 -> 50828.54 | D7: =Podsumowanie!D19 -> 40662.83 | E7: =Podsumowanie!E17 -> 51562.5 | F7: =Podsumowanie!E18 -> 51562.5 | G7: =Podsumowanie!E19 -> 41250
A8: 1.5 Personel projektu - Automation QA Engineer | B8: =Podsumowanie!D20 -> 34550.27 | C8: =Podsumowanie!D21 -> 34550.27 | D8: =Podsumowanie!D22 -> 27640.23 | E8: =Podsumowanie!E20 -> 37200 | F8: =Podsumowanie!E21 -> 37200 | G8: =Podsumowanie!E22 -> 29760
A9: 1.6 Personel projektu - Grafik-Ilustrator | B9: =Podsumowanie!D23 -> 24600 | C9: =Podsumowanie!D24 -> 24600 | D9: =Podsumowanie!D25 -> 19680 | E9: =Podsumowanie!E23 -> 67325 | F9: =Podsumowanie!E24 -> 67325 | G9: =Podsumowanie!E25 -> 53860
A10: 1.7 Personel projektu - Analityk danych | B10: =Podsumowanie!D26 -> 103125 | C10: =Podsumowanie!D27 -> 103125 | D10: =Podsumowanie!D28 -> 82500 | E10: =Podsumowanie!E26 -> 103125 | F10: =Podsumowanie!E27 -> 103125 | G10: =Podsumowanie!E28 -> 82500
A11: 1.8 Amortyzacja - Laptopy dla inżynierów AI | B11: =Podsumowanie!D29 -> 2276.08 | C11: =Podsumowanie!D30 -> 2276.08 | D11: =Podsumowanie!D31 -> 1820.86 | E11: =Podsumowanie!E29 -> 3571.43 | F11: =Podsumowanie!E30 -> 3571.43 | G11: =Podsumowanie!E31 -> 2857.14
A12: 1.9 Personel projektu - Architekt rozwiązań chmurowych | B12: =Podsumowanie!D32 -> 98750 | C12: =Podsumowanie!D33 -> 98750 | D12: =Podsumowanie!D34 -> 79000 | E12: =Podsumowanie!E32 -> 98750 | F12: =Podsumowanie!E33 -> 98750 | G12: =Podsumowanie!E34 -> 79000
A13: Zadanie 2. Opracowanie i przebadanie prototypowej wersji metody - B + R | B13: =Podsumowanie!D35 -> 1008769.3 | C13: =Podsumowanie!D36 -> 842569.29 | D13: =Podsumowanie!D37 -> 674055.43 | E13: =Podsumowanie!E35 -> 1226935.7 | F13: =Podsumowanie!E36 -> 1203935.7 | G13: =Podsumowanie!E37 -> 963148.56
A14: 2.1 Personel projektu - Ekspert AI | B14: =Podsumowanie!D38 -> 332400 | C14: =Podsumowanie!D39 -> 166200 | D14: =Podsumowanie!D40 -> 132960 | E14: =Podsumowanie!E38 -> 332400 | F14: =Podsumowanie!E39 -> 332400 | G14: =Podsumowanie!E40 -> 265920
A15: 2.2 Personel projektu - Big Data Engineer | B15: =Podsumowanie!D41 -> 113168.16 | C15: =Podsumowanie!D42 -> 113168.16 | D15: =Podsumowanie!D43 -> 90534.53 | E15: =Podsumowanie!E41 -> 113160 | F15: =Podsumowanie!E42 -> 113160 | G15: =Podsumowanie!E43 -> 90528
A16: 2.3 Personel projektu - Ekspert ds. psychometrii | B16: =Podsumowanie!D44 -> 121024.78 | C16: =Podsumowanie!D45 -> 121024.78 | D16: =Podsumowanie!D46 -> 96819.8 | E16: =Podsumowanie!E44 -> 162660 | F16: =Podsumowanie!E45 -> 162660 | G16: =Podsumowanie!E46 -> 130128
A17: 2.4 Personel projektu - Senior Developer | B17: =Podsumowanie!D47 -> 123750 | C17: =Podsumowanie!D48 -> 123750 | D17: =Podsumowanie!D49 -> 99000 | E17: =Podsumowanie!E47 -> 123750 | F17: =Podsumowanie!E48 -> 123750 | G17: =Podsumowanie!E49 -> 99000
A18: 2.5 Personel projektu - Automation QA Engineer | B18: =Podsumowanie!D50 -> 44388.77 | C18: =Podsumowanie!D51 -> 44388.77 | D18: =Podsumowanie!D52 -> 35511.02 | E18: =Podsumowanie!E50 -> 44640 | F18: =Podsumowanie!E51 -> 44640 | G18: =Podsumowanie!E52 -> 35712
A19: 2.6 Personel projektu - Analityk danych | B19: =Podsumowanie!D53 -> 123750 | C19: =Podsumowanie!D54 -> 123750 | D19: =Podsumowanie!D55 -> 99000 | E19: =Podsumowanie!E53 -> 123750 | F19: =Podsumowanie!E54 -> 123750 | G19: =Podsumowanie!E55 -> 99000
A20: 2.7 Personel projektu - Grafik-Ilustrator | B20: =Podsumowanie!D56 -> 29517.79 | C20: =Podsumowanie!D57 -> 29517.79 | D20: =Podsumowanie!D58 -> 23614.23 | E20: =Podsumowanie!E56 -> 80790 | F20: =Podsumowanie!E57 -> 80790 | G20: =Podsumowanie!E58 -> 64632
A21: 2.8 Wartości niematerialne i prawne - Licencje psychometrycznego narzędzia referencyjnego | B21: =Podsumowanie!D59 -> 0 | C21: =Podsumowanie!D60 -> 0 | D21: =Podsumowanie!D61 -> 0 | E21: =Podsumowanie!E59 -> 123000 | F21: =Podsumowanie!E60 -> 100000 | G21: =Podsumowanie!E61 -> 80000
A22: 2.9 Amortyzacja - Laptopy dla inżynierów AI | B22: =Podsumowanie!D62 -> 2276.08 | C22: =Podsumowanie!D63 -> 2276.08 | D22: =Podsumowanie!D64 -> 1820.88 | E22: =Podsumowanie!E62 -> 4285.71 | F22: =Podsumowanie!E63 -> 4285.71 | G22: =Podsumowanie!E64 -> 3428.56
A23: 2.10 Personel projektu - Architekt rozwiązań chmurowych | B23: =Podsumowanie!D65 -> 118493.71 | C23: =Podsumowanie!D66 -> 118493.71 | D23: =Podsumowanie!D67 -> 94794.97 | E23: =Podsumowanie!E65 -> 118500 | F23: =Podsumowanie!E66 -> 118500 | G23: =Podsumowanie!E67 -> 94800
A24: Zadanie 3. Opracowanie i weryfikacja reprezentatywnego modelu systemu - B + R | B24: =Podsumowanie!D68 -> 0 | C24: =Podsumowanie!D69 -> 0 | D24: =Podsumowanie!D70 -> 0 | E24: =Podsumowanie!E68 -> 1103935.7 | F24: =Podsumowanie!E69 -> 1103935.7 | G24: =Podsumowanie!E70 -> 883148.56
A25: 3.1 Personel projektu - Ekspert AI | B25: =Podsumowanie!D71 -> 0 | C25: =Podsumowanie!D72 -> 0 | D25: =Podsumowanie!D73 -> 0 | E25: =Podsumowanie!E71 -> 332400 | F25: =Podsumowanie!E72 -> 332400 | G25: =Podsumowanie!E73 -> 265920
A26: 3.2 Personel projektu - Big Data Engineer | B26: =Podsumowanie!D74 -> 0 | C26: =Podsumowanie!D75 -> 0 | D26: =Podsumowanie!D76 -> 0 | E26: =Podsumowanie!E74 -> 113160 | F26: =Podsumowanie!E75 -> 113160 | G26: =Podsumowanie!E76 -> 90528
A27: 3.3 Personel projektu - Ekspert ds. psychometrii | B27: =Podsumowanie!D77 -> 0 | C27: =Podsumowanie!D78 -> 0 | D27: =Podsumowanie!D79 -> 0 | E27: =Podsumowanie!E77 -> 162660 | F27: =Podsumowanie!E78 -> 162660 | G27: =Podsumowanie!E79 -> 130128
A28: 3.4 Personel projektu - Senior Developer | B28: =Podsumowanie!D80 -> 0 | C28: =Podsumowanie!D81 -> 0 | D28: =Podsumowanie!D82 -> 0 | E28: =Podsumowanie!E80 -> 123750 | F28: =Podsumowanie!E81 -> 123750 | G28: =Podsumowanie!E82 -> 99000
A29: 3.5 Personel projektu - Automation QA Engineer | B29: =Podsumowanie!D83 -> 0 | C29: =Podsumowanie!D84 -> 0 | D29: =Podsumowanie!D85 -> 0 | E29: =Podsumowanie!E83 -> 44640 | F29: =Podsumowanie!E84 -> 44640 | G29: =Podsumowanie!E85 -> 35712
A30: 3.6 Personel projektu - Analityk danych | B30: =Podsumowanie!D86 -> 0 | C30: =Podsumowanie!D87 -> 0 | D30: =Podsumowanie!D88 -> 0 | E30: =Podsumowanie!E86 -> 123750 | F30: =Podsumowanie!E87 -> 123750 | G30: =Podsumowanie!E88 -> 99000
A31: 3.7 Personel projektu - Grafik-Ilustrator | B31: =Podsumowanie!D89 -> 0 | C31: =Podsumowanie!D90 -> 0 | D31: =Podsumowanie!D91 -> 0 | E31: =Podsumowanie!E89 -> 80790 | F31: =Podsumowanie!E90 -> 80790 | G31: =Podsumowanie!E91 -> 64632
A32: 3.8 Amortyzacja - Laptopy dla inżynierów AI | B32: =Podsumowanie!D92 -> 0 | C32: =Podsumowanie!D93 -> 0 | D32: =Podsumowanie!D94 -> 0 | E32: =Podsumowanie!E92 -> 4285.71 | F32: =Podsumowanie!E93 -> 4285.71 | G32: =Podsumowanie!E94 -> 3428.56
A33: 3.9 Personel projektu - Architekt rozwiązań chmurowych | B33: =Podsumowanie!D95 -> 0 | C33: =Podsumowanie!D96 -> 0 | D33: =Podsumowanie!D97 -> 0 | E33: =Podsumowanie!E95 -> 118500 | F33: =Podsumowanie!E96 -> 118500 | G33: =Podsumowanie!E97 -> 94800
A34: Zadanie 4. Opracowanie i walidacja docelowej wersji systemu - B + R | B34: =Podsumowanie!D98 -> 0 | C34: =Podsumowanie!D99 -> 0 | D34: =Podsumowanie!D100 -> 0 | E34: =Podsumowanie!E98 -> 698237.14 | F34: =Podsumowanie!E99 -> 698237.14 | G34: =Podsumowanie!E100 -> 418942.28
A35: 4.1 Personel projektu - AI Engineer | B35: =Podsumowanie!D101 -> 0 | C35: =Podsumowanie!D102 -> 0 | D35: =Podsumowanie!D103 -> 0 | E35: =Podsumowanie!E101 -> 221600 | F35: =Podsumowanie!E102 -> 221600 | G35: =Podsumowanie!E103 -> 132960
A36: 4.2 Personel projektu - Big Data Engineer | B36: =Podsumowanie!D104 -> 0 | C36: =Podsumowanie!D105 -> 0 | D36: =Podsumowanie!D106 -> 0 | E36: =Podsumowanie!E104 -> 37720 | F36: =Podsumowanie!E105 -> 37720 | G36: =Podsumowanie!E106 -> 22632
A37: 4.3 Personel projektu - Ekspert ds. psychometrii | B37: =Podsumowanie!D107 -> 0 | C37: =Podsumowanie!D108 -> 0 | D37: =Podsumowanie!D109 -> 0 | E37: =Podsumowanie!E107 -> 108440 | F37: =Podsumowanie!E108 -> 108440 | G37: =Podsumowanie!E109 -> 65064
A38: 4.4 Personel projektu - Senior Developer | B38: =Podsumowanie!D110 -> 0 | C38: =Podsumowanie!D111 -> 0 | D38: =Podsumowanie!D112 -> 0 | E38: =Podsumowanie!E110 -> 82500 | F38: =Podsumowanie!E111 -> 82500 | G38: =Podsumowanie!E112 -> 49500
A39: 4.5 Personel projektu - Automation QA Engineer | B39: =Podsumowanie!D113 -> 0 | C39: =Podsumowanie!D114 -> 0 | D39: =Podsumowanie!D115 -> 0 | E39: =Podsumowanie!E113 -> 29760 | F39: =Podsumowanie!E114 -> 29760 | G39: =Podsumowanie!E115 -> 17856
A40: 4.6 Personel projektu - Analityk danych | B40: =Podsumowanie!D116 -> 0 | C40: =Podsumowanie!D117 -> 0 | D40: =Podsumowanie!D118 -> 0 | E40: =Podsumowanie!E116 -> 82500 | F40: =Podsumowanie!E117 -> 82500 | G40: =Podsumowanie!E118 -> 49500
A41: 4.7 Amortyzacja - Laptopy dla inżynierów AI | B41: =Podsumowanie!D119 -> 0 | C41: =Podsumowanie!D120 -> 0 | D41: =Podsumowanie!D121 -> 0 | E41: =Podsumowanie!E119 -> 2857.14 | F41: =Podsumowanie!E120 -> 2857.14 | G41: =Podsumowanie!E121 -> 1714.28
A42: 4.8 Personel projektu - Architekt rozwiązań chmurowych | B42: =Podsumowanie!D122 -> 0 | C42: =Podsumowanie!D123 -> 0 | D42: =Podsumowanie!D124 -> 0 | E42: =Podsumowanie!E122 -> 79000 | F42: =Podsumowanie!E123 -> 79000 | G42: =Podsumowanie!E124 -> 47400
A43: 4.9 Personel projektu - Grafik-Ilustrator | B43: =Podsumowanie!D125 -> 0 | C43: =Podsumowanie!D126 -> 0 | D43: =Podsumowanie!D127 -> 0 | E43: =Podsumowanie!E125 -> 53860 | F43: =Podsumowanie!E126 -> 53860 | G43: =Podsumowanie!E127 -> 32316
